dataset,seed,regime,method,picp,mpiw,niw,nciw,crps,c_test_cal,q_global,q_pooled_masked,q_regime
imdb_wiki,0,full,global_full_cal,0.952320244773075,36.355751037597656,0.40395278930664064,0.3954794005442636,5.07406651349179,0.979023814201355,18.177875518798828,32.66426467895508,18.177875518798828
imdb_wiki,0,full,pooled_masked_cal,0.952320244773075,36.355751037597656,0.40395278930664064,0.3954794005442636,5.07406651349179,0.979023814201355,18.177875518798828,32.66426467895508,18.177875518798828
imdb_wiki,0,full,mask_matched_cal,0.952320244773075,36.355751037597656,0.40395278930664064,0.3954794005442636,5.07406651349179,0.979023814201355,18.177875518798828,32.66426467895508,18.177875518798828
imdb_wiki,0,no_text,global_full_cal,0.9518103008669047,36.355751037597656,0.40395278930664064,0.40003297840958113,5.079925455801142,0.9902963638305664,18.177875518798828,32.66426467895508,18.288330078125
imdb_wiki,0,no_text,pooled_masked_cal,0.9966853646098929,65.32853698730469,0.7258726331922744,0.40003304890080676,6.625077002591081,0.5511063933372498,18.177875518798828,32.66426467895508,18.288330078125
imdb_wiki,0,no_text,mask_matched_cal,0.9520652728199898,36.57666015625,0.40640733506944443,0.400033069365438,5.087518889993026,0.9843155741691589,18.177875518798828,32.66426467895508,18.288330078125
imdb_wiki,0,no_image,global_full_cal,0.7967873533911269,36.35574722290039,0.40395274692111544,0.8015428324211774,9.292717975731128,1.9842489957809448,18.177875518798828,32.66426467895508,36.769325256347656
imdb_wiki,0,no_image,pooled_masked_cal,0.9344722080571137,65.32852935791016,0.725872548421224,0.8015429112205614,9.524187730771681,1.1042474508285522,18.177875518798828,32.66426467895508,36.769325256347656
imdb_wiki,0,no_image,mask_matched_cal,0.9538500764915859,73.53864288330078,0.8170960320366754,0.8015429162134751,9.80653399649248,0.9809653759002686,18.177875518798828,32.66426467895508,36.769325256347656
imdb_wiki,0,tab_only,global_full_cal,0.7957674655787863,36.35574722290039,0.40395274692111544,0.8195114074146558,9.401152511005792,2.028730869293213,18.177875518798828,32.66426467895508,37.034427642822266
imdb_wiki,0,tab_only,pooled_masked_cal,0.9306476287608363,65.32853698730469,0.7258726331922744,0.8195116365157245,9.62309942504024,1.1290019750595093,18.177875518798828,32.66426467895508,37.034427642822266
imdb_wiki,0,tab_only,mask_matched_cal,0.9520652728199898,74.06884765625,0.8229871961805556,0.8195114359130256,9.918906999083424,0.9957766532897949,18.177875518798828,32.66426467895508,37.034427642822266
imdb_wiki,1,full,global_full_cal,0.9505354411014788,36.10734939575195,0.4011927710639106,0.3988348582851763,5.084316433760104,0.9941227436065674,18.053672790527344,36.07859802246094,18.053672790527344
imdb_wiki,1,full,pooled_masked_cal,0.9505354411014788,36.10734939575195,0.4011927710639106,0.3988348582851763,5.084316433760104,0.9941227436065674,18.053672790527344,36.07859802246094,18.053672790527344
imdb_wiki,1,full,mask_matched_cal,0.9505354411014788,36.10734939575195,0.4011927710639106,0.3988348582851763,5.084316433760104,0.9941227436065674,18.053672790527344,36.07859802246094,18.053672790527344
imdb_wiki,1,no_text,global_full_cal,0.9510453850076491,36.10734939575195,0.4011927710639106,0.3998449892291471,5.092574081482203,0.9966405630111694,18.053672790527344,36.07859802246094,17.951580047607422
imdb_wiki,1,no_text,pooled_masked_cal,0.9982151963284038,72.1572036743164,0.8017467074924045,0.3998450074819276,7.091864258908909,0.49871736764907837,18.053672790527344,36.07859802246094,17.951580047607422
imdb_wiki,1,no_text,mask_matched_cal,0.9492605813360531,35.903167724609375,0.3989240858289931,0.39984504480647354,5.085969411894589,1.0023086071014404,18.053672790527344,36.07859802246094,17.951580047607422
imdb_wiki,1,no_image,global_full_cal,0.7684854665986741,36.10734939575195,0.4011927710639106,0.8667871408710602,9.699643573095535,2.160525321960449,18.053672790527344,36.07859802246094,39.339237213134766
imdb_wiki,1,no_image,pooled_masked_cal,0.9367669556348802,72.1572036743164,0.8017467074924045,0.8667870878998656,10.142631120178768,1.0811233520507812,18.053672790527344,36.07859802246094,39.339237213134766
imdb_wiki,1,no_image,mask_matched_cal,0.9525752167261601,78.678466796875,0.8742051866319445,0.8667870177656166,10.38367898877174,0.9915143847465515,18.053672790527344,36.07859802246094,39.339237213134766
imdb_wiki,1,tab_only,global_full_cal,0.7636409994900561,36.10734939575195,0.4011927710639106,0.8787872343994726,9.832775855460856,2.190436363220215,18.053672790527344,36.07859802246094,39.841243743896484
imdb_wiki,1,tab_only,pooled_masked_cal,0.9344722080571137,72.1572036743164,0.8017467074924045,0.8787873760405597,10.246217051632366,1.0960910320281982,18.053672790527344,36.07859802246094,39.841243743896484
imdb_wiki,1,tab_only,mask_matched_cal,0.9525752167261601,79.6824951171875,0.8853610568576389,0.8787872419759677,10.520473569047294,0.9925749897956848,18.053672790527344,36.07859802246094,39.841243743896484
imdb_wiki,2,full,global_full_cal,0.9500254971953085,35.6087646484375,0.39565294053819444,0.3942952578666639,5.039742299118402,0.996568500995636,17.80438232421875,37.11767578125,17.80438232421875
imdb_wiki,2,full,pooled_masked_cal,0.9500254971953085,35.6087646484375,0.39565294053819444,0.3942952578666639,5.039742299118402,0.996568500995636,17.80438232421875,37.11767578125,17.80438232421875
imdb_wiki,2,full,mask_matched_cal,0.9500254971953085,35.6087646484375,0.39565294053819444,0.3942952578666639,5.039742299118402,0.996568500995636,17.80438232421875,37.11767578125,17.80438232421875
imdb_wiki,2,no_text,global_full_cal,0.9487506374298827,35.6087646484375,0.39565294053819444,0.3991492251632735,5.0511458866614305,1.0088367462158203,17.80438232421875,37.11767578125,17.97478485107422
imdb_wiki,2,no_text,pooled_masked_cal,0.9977052524222335,74.23534393310547,0.824837154812283,0.39914915532190465,7.226184035568314,0.4839126765727997,17.80438232421875,37.11767578125,17.97478485107422
imdb_wiki,2,no_text,mask_matched_cal,0.9500254971953085,35.949581146240234,0.39943979051378037,0.3991491843677421,5.0623739225814814,0.9992724657058716,17.80438232421875,37.11767578125,17.97478485107422
imdb_wiki,2,no_image,global_full_cal,0.7473227944926059,35.6087646484375,0.39565294053819444,0.8980635888295688,10.004688073388714,2.269826650619507,17.80438232421875,37.11767578125,40.97980880737305
imdb_wiki,2,no_image,pooled_masked_cal,0.9347271800101988,74.23534393310547,0.824837154812283,0.8980633834350253,10.454786013219904,1.0887765884399414,17.80438232421875,37.11767578125,40.97980880737305
imdb_wiki,2,no_image,mask_matched_cal,0.9533401325854156,81.95960235595703,0.9106622483995226,0.8980632244337611,10.741576207131024,0.9861649870872498,17.80438232421875,37.11767578125,40.97980880737305
imdb_wiki,2,tab_only,global_full_cal,0.7452830188679245,35.6087646484375,0.39565294053819444,0.9017840982699353,10.111406799106327,2.2792301177978516,17.80438232421875,37.11767578125,41.38392639160156
imdb_wiki,2,tab_only,pooled_masked_cal,0.9331973482916879,74.23534393310547,0.824837154812283,0.9017840261329487,10.536831946575116,1.0932873487472534,17.80438232421875,37.11767578125,41.38392639160156
imdb_wiki,2,tab_only,mask_matched_cal,0.9543600203977562,82.76782989501953,0.9196425543891059,0.9017838378881101,10.850175733436705,0.9805808067321777,17.80438232421875,37.11767578125,41.38392639160156
imdb_wiki,3,full,global_full_cal,0.9495155532891382,35.7158088684082,0.3968423207600911,0.3994525951623018,5.05299278178685,1.0065776109695435,17.85790252685547,35.895668029785156,17.85790252685547
imdb_wiki,3,full,pooled_masked_cal,0.9495155532891382,35.7158088684082,0.3968423207600911,0.3994525951623018,5.05299278178685,1.0065776109695435,17.85790252685547,35.895668029785156,17.85790252685547
imdb_wiki,3,full,mask_matched_cal,0.9495155532891382,35.7158088684082,0.3968423207600911,0.3994525951623018,5.05299278178685,1.0065776109695435,17.85790252685547,35.895668029785156,17.85790252685547
imdb_wiki,3,no_text,global_full_cal,0.9477307496175421,35.7158088684082,0.3968423207600911,0.4040351578386586,5.067983648439696,1.0181251764297485,17.85790252685547,35.895668029785156,18.10373306274414
imdb_wiki,3,no_text,pooled_masked_cal,0.9977052524222335,71.79132843017578,0.7976814270019531,0.40403506135344286,7.064713708657965,0.5065118074417114,17.85790252685547,35.895668029785156,18.10373306274414
imdb_wiki,3,no_text,mask_matched_cal,0.9492605813360531,36.207462310791016,0.4023051367865668,0.40403504818414654,5.084194585131878,1.0042999982833862,17.85790252685547,35.895668029785156,18.10373306274414
imdb_wiki,3,no_image,global_full_cal,0.7644059153493116,35.7158088684082,0.3968423207600911,0.8707800092567292,9.739439034640238,2.194272041320801,17.85790252685547,35.895668029785156,39.87227249145508
imdb_wiki,3,no_image,pooled_masked_cal,0.9339622641509434,71.79132843017578,0.7976814270019531,0.8707798083501984,10.157833858621458,1.0916385650634766,17.85790252685547,35.895668029785156,39.87227249145508
imdb_wiki,3,no_image,mask_matched_cal,0.9533401325854156,79.74454498291016,0.8860504998101129,0.8707798587294595,10.452051219147641,0.9827654957771301,17.85790252685547,35.895668029785156,39.87227249145508
imdb_wiki,3,tab_only,global_full_cal,0.760326364099949,35.7158088684082,0.3968423207600911,0.8821386790841643,9.840192521325655,2.2228946685791016,17.85790252685547,35.895668029785156,40.31780242919922
imdb_wiki,3,tab_only,pooled_masked_cal,0.9339622641509434,71.79132843017578,0.7976814270019531,0.8821384326243787,10.235648592789907,1.1058781147003174,17.85790252685547,35.895668029785156,40.31780242919922
imdb_wiki,3,tab_only,mask_matched_cal,0.9538500764915859,80.63561248779297,0.8959512498643664,0.8821386545669005,10.560084837407375,0.98458331823349,17.85790252685547,35.895668029785156,40.31780242919922
imdb_wiki,4,full,global_full_cal,0.9495155532891382,35.651214599609375,0.3961246066623264,0.3961582757579082,5.035382058489441,1.0000849962234497,17.825607299804688,38.56309127807617,17.825607299804688
imdb_wiki,4,full,pooled_masked_cal,0.9495155532891382,35.651214599609375,0.3961246066623264,0.3961582757579082,5.035382058489441,1.0000849962234497,17.825607299804688,38.56309127807617,17.825607299804688
imdb_wiki,4,full,mask_matched_cal,0.9495155532891382,35.651214599609375,0.3961246066623264,0.3961582757579082,5.035382058489441,1.0000849962234497,17.825607299804688,38.56309127807617,17.825607299804688
imdb_wiki,4,no_text,global_full_cal,0.9497705252422234,35.651214599609375,0.3961246066623264,0.3963062686689227,5.061083066780216,1.0004585981369019,17.825607299804688,38.56309127807617,17.96401596069336
imdb_wiki,4,no_text,pooled_masked_cal,0.9979602243753187,77.12618255615234,0.8569575839572483,0.3963062642943366,7.431860042271547,0.4624572694301605,17.825607299804688,38.56309127807617,17.96401596069336
imdb_wiki,4,no_text,mask_matched_cal,0.9505354411014788,35.928035736083984,0.3992003970675998,0.3963063087817166,5.070117187242138,0.9927502870559692,17.825607299804688,38.56309127807617,17.96401596069336
imdb_wiki,4,no_image,global_full_cal,0.7172361040285569,35.651214599609375,0.3961246066623264,0.9488639627816965,10.695529451181113,2.395367383956909,17.825607299804688,38.56309127807617,43.180267333984375
imdb_wiki,4,no_image,pooled_masked_cal,0.9316675165731769,77.12618255615234,0.8569575839572483,0.9488640161272391,11.060036633355994,1.1072473526000977,17.825607299804688,38.56309127807617,43.180267333984375
imdb_wiki,4,no_image,mask_matched_cal,0.9525752167261601,86.36054992675781,0.9595616658528646,0.9488642095349558,11.388447483296646,0.9888517260551453,17.825607299804688,38.56309127807617,43.180267333984375
imdb_wiki,4,tab_only,global_full_cal,0.725395206527282,35.651214599609375,0.3961246066623264,0.9437822432137586,10.577361913104388,2.3825387954711914,17.825607299804688,38.56309127807617,43.19529724121094
imdb_wiki,4,tab_only,pooled_masked_cal,0.9331973482916879,77.12618255615234,0.8569575839572483,0.943782507473932,10.97837722621639,1.1013176441192627,17.825607299804688,38.56309127807617,43.19529724121094
imdb_wiki,4,tab_only,mask_matched_cal,0.9535951045385007,86.39060974121094,0.9598956637912326,0.9437825317911321,11.314942260169667,0.9832136631011963,17.825607299804688,38.56309127807617,43.19529724121094
mercari,0,full,global_full_cal,0.9502,2.3379430770874023,0.3128491142447353,0.3126698208367311,0.3415641122071658,0.9994269013404846,1.1689715385437012,1.3078968524932861,1.1689715385437012
mercari,0,full,pooled_masked_cal,0.9502,2.3379430770874023,0.3128491142447353,0.3126698208367311,0.3415641122071658,0.9994269013404846,1.1689715385437012,1.3078968524932861,1.1689715385437012
mercari,0,full,mask_matched_cal,0.9502,2.3379430770874023,0.3128491142447353,0.3126698208367311,0.3415641122071658,0.9994269013404846,1.1689715385437012,1.3078968524932861,1.1689715385437012
mercari,0,no_text,global_full_cal,0.9283,2.3379430770874023,0.3128491142447353,0.3504827166721522,0.3825147345313579,1.120293140411377,1.1689715385437012,1.3078968524932861,1.3078968524932861
mercari,0,no_text,pooled_masked_cal,0.9497,2.615793466567993,0.35002933864517227,0.3504827414974355,0.3883746505112146,1.0012953281402588,1.1689715385437012,1.3078968524932861,1.3078968524932861
mercari,0,no_text,mask_matched_cal,0.9497,2.615793466567993,0.35002933864517227,0.3504827414974355,0.3883746505112146,1.0012953281402588,1.1689715385437012,1.3078968524932861,1.3078968524932861
mercari,0,tab_only,global_full_cal,0.9283,2.3379430770874023,0.3128491142447353,0.3504827166721522,0.3825147345313579,1.120293140411377,1.1689715385437012,1.3078968524932861,1.3078968524932861
mercari,0,tab_only,pooled_masked_cal,0.9497,2.615793466567993,0.35002933864517227,0.3504827414974355,0.3883746505112146,1.0012953281402588,1.1689715385437012,1.3078968524932861,1.3078968524932861
mercari,0,tab_only,mask_matched_cal,0.9497,2.615793466567993,0.35002933864517227,0.3504827414974355,0.3883746505112146,1.0012953281402588,1.1689715385437012,1.3078968524932861,1.3078968524932861
mercari,1,full,global_full_cal,0.9508,2.340830087661743,0.3132354361829593,0.312082938042616,0.3395291997582323,0.9963206648826599,1.170414924621582,1.2686772346496582,1.170414924621582
mercari,1,full,pooled_masked_cal,0.9508,2.340830087661743,0.3132354361829593,0.312082938042616,0.3395291997582323,0.9963206648826599,1.170414924621582,1.2686772346496582,1.170414924621582
mercari,1,full,mask_matched_cal,0.9508,2.340830087661743,0.3132354361829593,0.312082938042616,0.3395291997582323,0.9963206648826599,1.170414924621582,1.2686772346496582,1.170414924621582
mercari,1,no_text,global_full_cal,0.9327,2.340830087661743,0.3132354361829593,0.33906839195584737,0.38258526912279806,1.0824713706970215,1.170414924621582,1.2686772346496582,1.2686772346496582
mercari,1,no_text,pooled_masked_cal,0.9501,2.5373542308807373,0.33953308420369827,0.3390681826365773,0.3862662680785183,0.9986307621002197,1.170414924621582,1.2686772346496582,1.2686772346496582
mercari,1,no_text,mask_matched_cal,0.9501,2.5373542308807373,0.33953308420369827,0.3390681826365773,0.3862662680785183,0.9986307621002197,1.170414924621582,1.2686772346496582,1.2686772346496582
mercari,1,tab_only,global_full_cal,0.9327,2.340830087661743,0.3132354361829593,0.33906839195584737,0.38258526912279806,1.0824713706970215,1.170414924621582,1.2686772346496582,1.2686772346496582
mercari,1,tab_only,pooled_masked_cal,0.9501,2.5373542308807373,0.33953308420369827,0.3390681826365773,0.3862662680785183,0.9986307621002197,1.170414924621582,1.2686772346496582,1.2686772346496582
mercari,1,tab_only,mask_matched_cal,0.9501,2.5373542308807373,0.33953308420369827,0.3390681826365773,0.3862662680785183,0.9986307621002197,1.170414924621582,1.2686772346496582,1.2686772346496582
mercari,2,full,global_full_cal,0.9495,2.346644639968872,0.3140135036888976,0.3149147110288174,0.3415327975725867,1.002869963645935,1.1733222007751465,1.338057041168213,1.1733222007751465
mercari,2,full,pooled_masked_cal,0.9495,2.346644639968872,0.3140135036888976,0.3149147110288174,0.3415327975725867,1.002869963645935,1.1733222007751465,1.338057041168213,1.1733222007751465
mercari,2,full,mask_matched_cal,0.9495,2.346644639968872,0.3140135036888976,0.3149147110288174,0.3415327975725867,1.002869963645935,1.1733222007751465,1.338057041168213,1.1733222007751465
mercari,2,no_text,global_full_cal,0.929,2.346644639968872,0.3140135036888976,0.3556201596650335,0.38017388877848024,1.1324995756149292,1.1733222007751465,1.338057041168213,1.338057041168213
mercari,2,no_text,pooled_masked_cal,0.9509,2.6761138439178467,0.35810103928226367,0.35562008438486387,0.38808911194419277,0.9930719137191772,1.1733222007751465,1.338057041168213,1.338057041168213
mercari,2,no_text,mask_matched_cal,0.9509,2.6761138439178467,0.35810103928226367,0.35562008438486387,0.38808911194419277,0.9930719137191772,1.1733222007751465,1.338057041168213,1.338057041168213
mercari,2,tab_only,global_full_cal,0.929,2.346644639968872,0.3140135036888976,0.3556201596650335,0.38017388877848024,1.1324995756149292,1.1733222007751465,1.338057041168213,1.338057041168213
mercari,2,tab_only,pooled_masked_cal,0.9509,2.6761138439178467,0.35810103928226367,0.35562008438486387,0.38808911194419277,0.9930719137191772,1.1733222007751465,1.338057041168213,1.338057041168213
mercari,2,tab_only,mask_matched_cal,0.9509,2.6761138439178467,0.35810103928226367,0.35562008438486387,0.38808911194419277,0.9930719137191772,1.1733222007751465,1.338057041168213,1.338057041168213
mercari,3,full,global_full_cal,0.9462,2.28578782081604,0.3058700197203168,0.3125968493037378,0.33776857072927574,1.0219924449920654,1.1428940296173096,1.3306400775909424,1.1428940296173096
mercari,3,full,pooled_masked_cal,0.9462,2.28578782081604,0.3058700197203168,0.3125968493037378,0.33776857072927574,1.0219924449920654,1.1428940296173096,1.3306400775909424,1.1428940296173096
mercari,3,full,mask_matched_cal,0.9462,2.28578782081604,0.3058700197203168,0.3125968493037378,0.33776857072927574,1.0219924449920654,1.1428940296173096,1.3306400775909424,1.1428940296173096
mercari,3,no_text,global_full_cal,0.9247,2.28578782081604,0.3058700197203168,0.3495773475402085,0.37675496311413376,1.1428951025009155,1.1428940296173096,1.3306400775909424,1.3306400775909424
mercari,3,no_text,pooled_masked_cal,0.9526,2.6612799167633057,0.3561160546962187,0.3495773327384654,0.38521528686671047,0.9816387891769409,1.1428940296173096,1.3306400775909424,1.3306400775909424
mercari,3,no_text,mask_matched_cal,0.9526,2.6612799167633057,0.3561160546962187,0.3495773327384654,0.38521528686671047,0.9816387891769409,1.1428940296173096,1.3306400775909424,1.3306400775909424
mercari,3,tab_only,global_full_cal,0.9247,2.28578782081604,0.3058700197203168,0.3495773475402085,0.37675496311413376,1.1428951025009155,1.1428940296173096,1.3306400775909424,1.3306400775909424
mercari,3,tab_only,pooled_masked_cal,0.9526,2.6612799167633057,0.3561160546962187,0.3495773327384654,0.38521528686671047,0.9816387891769409,1.1428940296173096,1.3306400775909424,1.3306400775909424
mercari,3,tab_only,mask_matched_cal,0.9526,2.6612799167633057,0.3561160546962187,0.3495773327384654,0.38521528686671047,0.9816387891769409,1.1428940296173096,1.3306400775909424,1.3306400775909424
mercari,4,full,global_full_cal,0.9516,2.3475193977355957,0.31413055837477943,0.3114736176388995,0.339247007361952,0.9915419220924377,1.1737596988677979,1.312506914138794,1.1737596988677979
mercari,4,full,pooled_masked_cal,0.9516,2.3475193977355957,0.31413055837477943,0.3114736176388995,0.339247007361952,0.9915419220924377,1.1737596988677979,1.312506914138794,1.1737596988677979
mercari,4,full,mask_matched_cal,0.9516,2.3475193977355957,0.31413055837477943,0.3114736176388995,0.339247007361952,0.9915419220924377,1.1737596988677979,1.312506914138794,1.1737596988677979
mercari,4,no_text,global_full_cal,0.9339,2.3475193977355957,0.31413055837477943,0.3539382160612822,0.3779791332673382,1.126723289489746,1.1737596988677979,1.312506914138794,1.312506914138794
mercari,4,no_text,pooled_masked_cal,0.949,2.625013589859009,0.35126311864310744,0.353938186195602,0.38445152753446377,1.007615566253662,1.1737596988677979,1.312506914138794,1.312506914138794
mercari,4,no_text,mask_matched_cal,0.949,2.625013589859009,0.35126311864310744,0.353938186195602,0.38445152753446377,1.007615566253662,1.1737596988677979,1.312506914138794,1.312506914138794
mercari,4,tab_only,global_full_cal,0.9339,2.3475193977355957,0.31413055837477943,0.3539382160612822,0.3779791332673382,1.126723289489746,1.1737596988677979,1.312506914138794,1.312506914138794
mercari,4,tab_only,pooled_masked_cal,0.949,2.625013589859009,0.35126311864310744,0.353938186195602,0.38445152753446377,1.007615566253662,1.1737596988677979,1.312506914138794,1.312506914138794
mercari,4,tab_only,mask_matched_cal,0.949,2.625013589859009,0.35126311864310744,0.353938186195602,0.38445152753446377,1.007615566253662,1.1737596988677979,1.312506914138794,1.312506914138794
pawpularity,0,full,global_full_cal,0.9435199193141705,76.21177673339844,0.7776711911571269,0.8044069386735884,10.32188671596336,1.034379243850708,38.10588455200195,45.3353271484375,38.10588455200195
pawpularity,0,full,pooled_masked_cal,0.9435199193141705,76.21177673339844,0.7776711911571269,0.8044069386735884,10.32188671596336,1.034379243850708,38.10588455200195,45.3353271484375,38.10588455200195
pawpularity,0,full,mask_matched_cal,0.9435199193141705,76.21177673339844,0.7776711911571269,0.8044069386735884,10.32188671596336,1.034379243850708,38.10588455200195,45.3353271484375,38.10588455200195
pawpularity,0,no_image,global_full_cal,0.9324256177508825,76.2117691040039,0.7776711133061623,0.9127783384189607,11.481301388815101,1.173733115196228,38.10588455200195,45.3353271484375,45.3353271484375
pawpularity,0,no_image,pooled_masked_cal,0.9515885022692889,90.670654296875,0.9252107581313775,0.9127782848923484,11.998150948123135,0.9865625500679016,38.10588455200195,45.3353271484375,45.3353271484375
pawpularity,0,no_image,mask_matched_cal,0.9515885022692889,90.670654296875,0.9252107581313775,0.9127782848923484,11.998150948123135,0.9865625500679016,38.10588455200195,45.3353271484375,45.3353271484375
pawpularity,0,tab_only,global_full_cal,0.9324256177508825,76.2117691040039,0.7776711133061623,0.9127783384189607,11.481301388815101,1.173733115196228,38.10588455200195,45.3353271484375,45.3353271484375
pawpularity,0,tab_only,pooled_masked_cal,0.9515885022692889,90.670654296875,0.9252107581313775,0.9127782848923484,11.998150948123135,0.9865625500679016,38.10588455200195,45.3353271484375,45.3353271484375
pawpularity,0,tab_only,mask_matched_cal,0.9515885022692889,90.670654296875,0.9252107581313775,0.9127782848923484,11.998150948123135,0.9865625500679016,38.10588455200195,45.3353271484375,45.3353271484375
pawpularity,1,full,global_full_cal,0.9525970751386788,80.3483657836914,0.8198812835070551,0.8024342663097369,10.50037537821922,0.9787200689315796,40.17417907714844,46.80259704589844,40.17417907714844
pawpularity,1,full,pooled_masked_cal,0.9525970751386788,80.3483657836914,0.8198812835070551,0.8024342663097369,10.50037537821922,0.9787200689315796,40.17417907714844,46.80259704589844,40.17417907714844
pawpularity,1,full,mask_matched_cal,0.9525970751386788,80.3483657836914,0.8198812835070551,0.8024342663097369,10.50037537821922,0.9787200689315796,40.17417907714844,46.80259704589844,40.17417907714844
pawpularity,1,no_image,global_full_cal,0.9329299041855774,80.3483657836914,0.8198812835070551,0.9551551155995537,11.650383702654604,1.1649919748306274,40.17417907714844,46.80259704589844,46.80259704589844
pawpularity,1,no_image,pooled_masked_cal,0.9500756429652042,93.60520935058594,0.9551551974549586,0.9551551974549586,12.17342267098116,1.0,40.17417907714844,46.80259704589844,46.80259704589844
pawpularity,1,no_image,mask_matched_cal,0.9500756429652042,93.60520935058594,0.9551551974549586,0.9551551974549586,12.17342267098116,1.0,40.17417907714844,46.80259704589844,46.80259704589844
pawpularity,1,tab_only,global_full_cal,0.9329299041855774,80.3483657836914,0.8198812835070551,0.9551551155995537,11.650383702654604,1.1649919748306274,40.17417907714844,46.80259704589844,46.80259704589844
pawpularity,1,tab_only,pooled_masked_cal,0.9500756429652042,93.60520935058594,0.9551551974549586,0.9551551974549586,12.17342267098116,1.0,40.17417907714844,46.80259704589844,46.80259704589844
pawpularity,1,tab_only,mask_matched_cal,0.9500756429652042,93.60520935058594,0.9551551974549586,0.9551551974549586,12.17342267098116,1.0,40.17417907714844,46.80259704589844,46.80259704589844
pawpularity,2,full,global_full_cal,0.9485627836611196,78.62085723876953,0.8022536452935667,0.8099959603604271,10.405825326985598,1.009650707244873,39.31043243408203,44.896324157714844,39.31043243408203
pawpularity,2,full,pooled_masked_cal,0.9485627836611196,78.62085723876953,0.8022536452935667,0.8099959603604271,10.405825326985598,1.009650707244873,39.31043243408203,44.896324157714844,39.31043243408203
pawpularity,2,full,mask_matched_cal,0.9485627836611196,78.62085723876953,0.8022536452935667,0.8099959603604271,10.405825326985598,1.009650707244873,39.31043243408203,44.896324157714844,39.31043243408203
pawpularity,2,no_image,global_full_cal,0.9445284921835603,78.62085723876953,0.8022536452935667,0.8550711609300287,11.660380951626943,1.0658364295959473,39.31043243408203,44.896324157714844,44.896324157714844
pawpularity,2,no_image,pooled_masked_cal,0.9551185073121533,89.79263305664062,0.9162513577208227,0.8550711089541511,12.037814532107417,0.9332276582717896,39.31043243408203,44.896324157714844,44.896324157714844
pawpularity,2,no_image,mask_matched_cal,0.9551185073121533,89.79263305664062,0.9162513577208227,0.8550711089541511,12.037814532107417,0.9332276582717896,39.31043243408203,44.896324157714844,44.896324157714844
pawpularity,2,tab_only,global_full_cal,0.9445284921835603,78.62085723876953,0.8022536452935667,0.8550711609300287,11.660380951626943,1.0658364295959473,39.31043243408203,44.896324157714844,44.896324157714844
pawpularity,2,tab_only,pooled_masked_cal,0.9551185073121533,89.79263305664062,0.9162513577208227,0.8550711089541511,12.037814532107417,0.9332276582717896,39.31043243408203,44.896324157714844,44.896324157714844
pawpularity,2,tab_only,mask_matched_cal,0.9551185073121533,89.79263305664062,0.9162513577208227,0.8550711089541511,12.037814532107417,0.9332276582717896,39.31043243408203,44.896324157714844,44.896324157714844
pawpularity,3,full,global_full_cal,0.9515885022692889,79.99897766113281,0.8163160985829879,0.8063241036245333,10.457661156598135,0.9877596497535706,39.999481201171875,44.09114456176758,39.999481201171875
pawpularity,3,full,pooled_masked_cal,0.9515885022692889,79.99897766113281,0.8163160985829879,0.8063241036245333,10.457661156598135,0.9877596497535706,39.999481201171875,44.09114456176758,39.999481201171875
pawpularity,3,full,mask_matched_cal,0.9515885022692889,79.99897766113281,0.8163160985829879,0.8063241036245333,10.457661156598135,0.9877596497535706,39.999481201171875,44.09114456176758,39.999481201171875
pawpularity,3,no_image,global_full_cal,0.9334341906202723,79.99897766113281,0.8163160985829879,0.940635688367458,11.599922022295837,1.1522934436798096,39.999481201171875,44.09114456176758,44.09114456176758
pawpularity,3,no_image,pooled_masked_cal,0.9485627836611196,88.18228912353516,0.8998192767707669,0.9406355877299389,11.901839454331212,1.0453605651855469,39.999481201171875,44.09114456176758,44.09114456176758
pawpularity,3,no_image,mask_matched_cal,0.9485627836611196,88.18228912353516,0.8998192767707669,0.9406355877299389,11.901839454331212,1.0453605651855469,39.999481201171875,44.09114456176758,44.09114456176758
pawpularity,3,tab_only,global_full_cal,0.9334341906202723,79.99897766113281,0.8163160985829879,0.940635688367458,11.599922022295837,1.1522934436798096,39.999481201171875,44.09114456176758,44.09114456176758
pawpularity,3,tab_only,pooled_masked_cal,0.9485627836611196,88.18228912353516,0.8998192767707669,0.9406355877299389,11.901839454331212,1.0453605651855469,39.999481201171875,44.09114456176758,44.09114456176758
pawpularity,3,tab_only,mask_matched_cal,0.9485627836611196,88.18228912353516,0.8998192767707669,0.9406355877299389,11.901839454331212,1.0453605651855469,39.999481201171875,44.09114456176758,44.09114456176758
pawpularity,4,full,global_full_cal,0.9581442259203228,82.77167510986328,0.8446089296924825,0.7972665329611934,10.578134791543828,0.9439475536346436,41.38583755493164,44.52888107299805,41.38583755493164
pawpularity,4,full,pooled_masked_cal,0.9581442259203228,82.77167510986328,0.8446089296924825,0.7972665329611934,10.578134791543828,0.9439475536346436,41.38583755493164,44.52888107299805,41.38583755493164
pawpularity,4,full,mask_matched_cal,0.9581442259203228,82.77167510986328,0.8446089296924825,0.7972665329611934,10.578134791543828,0.9439475536346436,41.38583755493164,44.52888107299805,41.38583755493164
pawpularity,4,no_image,global_full_cal,0.9455370650529501,82.77167510986328,0.8446089296924825,0.8873675306219913,11.71449713927594,1.0506253242492676,41.38583755493164,44.52888107299805,44.52888107299805
pawpularity,4,no_image,pooled_masked_cal,0.9520927887039838,89.05775451660156,0.9087525971081792,0.8873672593757763,11.946574492224858,0.9764673709869385,41.38583755493164,44.52888107299805,44.52888107299805
pawpularity,4,no_image,mask_matched_cal,0.9520927887039838,89.05775451660156,0.9087525971081792,0.8873672593757763,11.946574492224858,0.9764673709869385,41.38583755493164,44.52888107299805,44.52888107299805
pawpularity,4,tab_only,global_full_cal,0.9455370650529501,82.77167510986328,0.8446089296924825,0.8873675306219913,11.71449713927594,1.0506253242492676,41.38583755493164,44.52888107299805,44.52888107299805
pawpularity,4,tab_only,pooled_masked_cal,0.9520927887039838,89.05775451660156,0.9087525971081792,0.8873672593757763,11.946574492224858,0.9764673709869385,41.38583755493164,44.52888107299805,44.52888107299805
pawpularity,4,tab_only,mask_matched_cal,0.9520927887039838,89.05775451660156,0.9087525971081792,0.8873672593757763,11.946574492224858,0.9764673709869385,41.38583755493164,44.52888107299805,44.52888107299805
sred,0,full,global_full_cal,0.9458972046889089,0.5278196334838867,0.24562883643191805,0.2527168874145604,0.07520261501177547,1.0288567543029785,0.26390981674194336,0.3827347755432129,0.26390981674194336
sred,0,full,pooled_masked_cal,0.9458972046889089,0.5278196334838867,0.24562883643191805,0.2527168874145604,0.07520261501177547,1.0288567543029785,0.26390981674194336,0.3827347755432129,0.26390981674194336
sred,0,full,mask_matched_cal,0.9458972046889089,0.5278196334838867,0.24562883643191805,0.2527168874145604,0.07520261501177547,1.0288567543029785,0.26390981674194336,0.3827347755432129,0.26390981674194336
sred,0,no_text,global_full_cal,0.9062218214607755,0.5278196334838867,0.24562883643191805,0.3219214269595197,0.0904269996575358,1.3106011152267456,0.26390981674194336,0.3827347755432129,0.3234844207763672
sred,0,no_text,pooled_masked_cal,0.957619477006312,0.7654695510864258,0.3562228140631706,0.3219214425872837,0.09818850380045828,0.9037081003189087,0.26390981674194336,0.3827347755432129,0.3234844207763672
sred,0,no_text,mask_matched_cal,0.9413886384129847,0.6469687819480896,0.30107669180240126,0.3219214036733376,0.09354613967575735,1.0692338943481445,0.26390981674194336,0.3827347755432129,0.3234844207763672
sred,0,no_image,global_full_cal,0.8827772768259693,0.5278196334838867,0.24562883643191805,0.3371462365026062,0.097663599331074,1.3725841045379639,0.26390981674194336,0.3827347755432129,0.3631429672241211
sred,0,no_image,pooled_masked_cal,0.9603246167718665,0.7654695510864258,0.3562228140631706,0.3371462313021692,0.10327685286528299,0.9464476108551025,0.26390981674194336,0.3827347755432129,0.3631429672241211
sred,0,no_image,mask_matched_cal,0.9504057709648331,0.7262859344482422,0.3379881263943853,0.33714621902488207,0.10188433740073587,0.9975090622901917,0.26390981674194336,0.3827347755432129,0.3631429672241211
sred,0,tab_only,global_full_cal,0.8097385031559964,0.5278196334838867,0.24562883643191805,0.4235908961518635,0.12213194365569953,1.7245161533355713,0.26390981674194336,0.3827347755432129,0.463958740234375
sred,0,tab_only,pooled_masked_cal,0.9161406672678089,0.7654695510864258,0.3562228140631706,0.42359088514579907,0.12349370383475994,1.1891177892684937,0.26390981674194336,0.3827347755432129,0.463958740234375
sred,0,tab_only,mask_matched_cal,0.9540126239855726,0.9279175400733948,0.4318204386763375,0.4235909381465608,0.12816666807835167,0.9809423089027405,0.26390981674194336,0.3827347755432129,0.463958740234375
sred,1,full,global_full_cal,0.9495040577096483,0.5274897217750549,0.2454753070366003,0.24551346590638845,0.07448082618482069,1.0001554489135742,0.2637448310852051,0.3893909454345703,0.2637448310852051
sred,1,full,pooled_masked_cal,0.9495040577096483,0.5274897217750549,0.2454753070366003,0.24551346590638845,0.07448082618482069,1.0001554489135742,0.2637448310852051,0.3893909454345703,0.2637448310852051
sred,1,full,mask_matched_cal,0.9495040577096483,0.5274897217750549,0.2454753070366003,0.24551346590638845,0.07448082618482069,1.0001554489135742,0.2637448310852051,0.3893909454345703,0.2637448310852051
sred,1,no_text,global_full_cal,0.8963029756537421,0.5274897217750549,0.2454753070366003,0.3126987110662819,0.08972038275492052,1.2738499641418457,0.2637448310852051,0.3893909454345703,0.32557153701782227
sred,1,no_text,pooled_masked_cal,0.9711451758340848,0.7787818312644958,0.3624178846572902,0.3126986664166515,0.0979778672549465,0.8628124594688416,0.2637448310852051,0.3893909454345703,0.32557153701782227
sred,1,no_text,mask_matched_cal,0.9458972046889089,0.6511430740356445,0.30301926165647314,0.3126987032698455,0.0928953783367146,1.0319433212280273,0.2637448310852051,0.3893909454345703,0.32557153701782227
sred,1,no_image,global_full_cal,0.8773669972948602,0.5274897217750549,0.2454753070366003,0.3582417318395411,0.09964062327486115,1.4593799114227295,0.2637448310852051,0.3893909454345703,0.36358070373535156
sred,1,no_image,pooled_masked_cal,0.9522091974752029,0.7787818312644958,0.3624178846572902,0.3582416539402854,0.1054699325636704,0.9884767532348633,0.2637448310852051,0.3893909454345703,0.36358070373535156
sred,1,no_image,mask_matched_cal,0.9413886384129847,0.7271614074707031,0.33839554098488706,0.35824167868555895,0.10368034668307084,1.0586477518081665,0.2637448310852051,0.3893909454345703,0.36358070373535156
sred,1,tab_only,global_full_cal,0.7709648331830478,0.5274897217750549,0.2454753070366003,0.4309639050893293,0.1345235564703678,1.755630373954773,0.2637448310852051,0.3893909454345703,0.45267152786254883
sred,1,tab_only,pooled_masked_cal,0.9125338142470695,0.7787818312644958,0.3624178846572902,0.43096381831393066,0.13216534818118472,1.1891350746154785,0.2637448310852051,0.3893909454345703,0.45267152786254883
sred,1,tab_only,mask_matched_cal,0.9449954914337241,0.9053430557250977,0.4213150615138337,0.4309638733801895,0.13447331627542325,1.0229016542434692,0.2637448310852051,0.3893909454345703,0.45267152786254883
sred,2,full,global_full_cal,0.9486023444544635,0.530735969543457,0.2469859974534369,0.2490461553756827,0.07590588725997137,1.0083411931991577,0.2653679847717285,0.3680891990661621,0.2653679847717285
sred,2,full,pooled_masked_cal,0.9486023444544635,0.530735969543457,0.2469859974534369,0.2490461553756827,0.07590588725997137,1.0083411931991577,0.2653679847717285,0.3680891990661621,0.2653679847717285
sred,2,full,mask_matched_cal,0.9486023444544635,0.530735969543457,0.2469859974534369,0.2490461553756827,0.07590588725997137,1.0083411931991577,0.2653679847717285,0.3680891990661621,0.2653679847717285
sred,2,no_text,global_full_cal,0.9026149684400361,0.530735969543457,0.2469859974534369,0.3148569110633901,0.08988272671944929,1.2747966051101685,0.2653679847717285,0.3680891990661621,0.32097816467285156
sred,2,no_text,pooled_masked_cal,0.9639314697926059,0.7361783981323242,0.34259173374435753,0.31485692428277234,0.09624609079889065,0.9190441370010376,0.2653679847717285,0.3680891990661621,0.32097816467285156
sred,2,no_text,mask_matched_cal,0.9404869251577999,0.6419563293457031,0.29874407129666575,0.31485691923348746,0.09273051271550421,1.0539352893829346,0.2653679847717285,0.3680891990661621,0.32097816467285156
sred,2,no_image,global_full_cal,0.8809738503155996,0.530735969543457,0.2469859974534369,0.35144213709346556,0.0996066185118126,1.4229233264923096,0.2653679847717285,0.3680891990661621,0.36479759216308594
sred,2,no_image,pooled_masked_cal,0.9449954914337241,0.7361783981323242,0.34259173374435753,0.3514421138594222,0.10402076787882826,1.0258336067199707,0.2653679847717285,0.3680891990661621,0.36479759216308594
sred,2,no_image,mask_matched_cal,0.9422903516681695,0.7295952439308167,0.3395281635321336,0.35144215600579565,0.10380022474274234,1.0350898504257202,0.2653679847717285,0.3680891990661621,0.36479759216308594
sred,2,tab_only,global_full_cal,0.8503155996393147,0.530735969543457,0.2469859974534369,0.40171745714747525,0.11250626726460598,1.626478672027588,0.2653679847717285,0.3680891990661621,0.4128389358520508
sred,2,tab_only,pooled_masked_cal,0.9233543733092876,0.7361783981323242,0.34259173374435753,0.4017174416382204,0.11492116121439162,1.1725835800170898,0.2653679847717285,0.3680891990661621,0.4128389358520508
sred,2,tab_only,mask_matched_cal,0.9440937781785392,0.8256778717041016,0.384241665198406,0.40171789718943585,0.11756104806826627,1.0454823970794678,0.2653679847717285,0.3680891990661621,0.4128389358520508
sred,3,full,global_full_cal,0.9458972046889089,0.538966178894043,0.250816049649548,0.25755171263449755,0.07671255736774935,1.0268549919128418,0.2694830894470215,0.4311947822570801,0.2694830894470215
sred,3,full,pooled_masked_cal,0.9458972046889089,0.538966178894043,0.250816049649548,0.25755171263449755,0.07671255736774935,1.0268549919128418,0.2694830894470215,0.4311947822570801,0.2694830894470215
sred,3,full,mask_matched_cal,0.9458972046889089,0.538966178894043,0.250816049649548,0.25755171263449755,0.07671255736774935,1.0268549919128418,0.2694830894470215,0.4311947822570801,0.2694830894470215
sred,3,no_text,global_full_cal,0.915238954012624,0.538966178894043,0.250816049649548,0.3252965888300732,0.0890923591402775,1.2969528436660767,0.2694830894470215,0.4311947822570801,0.3178582191467285
sred,3,no_text,pooled_masked_cal,0.9702434625788999,0.8623895645141602,0.40132600578812755,0.32529657780133847,0.10198380820570868,0.8105544447898865,0.2694830894470215,0.4311947822570801,0.3178582191467285
sred,3,no_text,mask_matched_cal,0.939585211902615,0.635716438293457,0.29584024377416807,0.32529657374094395,0.09192156770356276,1.0995683670043945,0.2694830894470215,0.4311947822570801,0.3178582191467285
sred,3,no_image,global_full_cal,0.8340847610459874,0.538966178894043,0.250816049649548,0.39349815156319434,0.1146380795248902,1.5688714981079102,0.2694830894470215,0.4311947822570801,0.4020066261291504
sred,3,no_image,pooled_masked_cal,0.9558160504959423,0.8623895645141602,0.40132600578812755,0.3934981324309444,0.11903169814317119,0.9804949760437012,0.2694830894470215,0.4311947822570801,0.4020066261291504
sred,3,no_image,mask_matched_cal,0.939585211902615,0.8040132522583008,0.37415970740709015,0.3934981427639402,0.11726809299678205,1.0516849756240845,0.2694830894470215,0.4311947822570801,0.4020066261291504
sred,3,tab_only,global_full_cal,0.7339945897204689,0.538966178894043,0.250816049649548,0.4580959749354871,0.14608896781658912,1.826422095298767,0.2694830894470215,0.4311947822570801,0.4912428855895996
sred,3,tab_only,pooled_masked_cal,0.9224526600541028,0.8623895645141602,0.40132600578812755,0.45809598045642796,0.14246406048338778,1.1414560079574585,0.2694830894470215,0.4311947822570801,0.4912428855895996
sred,3,tab_only,mask_matched_cal,0.9495040577096483,0.9824857115745544,0.4572145612548724,0.4580959490453202,0.14480215968052118,1.0019277334213257,0.2694830894470215,0.4311947822570801,0.4912428855895996
sred,4,full,global_full_cal,0.9486023444544635,0.52252197265625,0.24316348997196474,0.2460557894693811,0.0759623454860184,1.0118944644927979,0.261260986328125,0.3907003402709961,0.261260986328125
sred,4,full,pooled_masked_cal,0.9486023444544635,0.52252197265625,0.24316348997196474,0.2460557894693811,0.0759623454860184,1.0118944644927979,0.261260986328125,0.3907003402709961,0.261260986328125
sred,4,full,mask_matched_cal,0.9486023444544635,0.52252197265625,0.24316348997196474,0.2460557894693811,0.0759623454860184,1.0118944644927979,0.261260986328125,0.3907003402709961,0.261260986328125
sred,4,no_text,global_full_cal,0.9170423805229937,0.52252197265625,0.24316348997196474,0.3134917793368107,0.08713902142449295,1.289222240447998,0.261260986328125,0.3907003402709961,0.3144373893737793
sred,4,no_text,pooled_masked_cal,0.9657348963029756,0.7814006805419922,0.3636366057127692,0.3134917698905704,0.09672601697912883,0.8621017932891846,0.261260986328125,0.3907003402709961,0.3144373893737793
sred,4,no_text,mask_matched_cal,0.9422903516681695,0.6288747787475586,0.2926563741965434,0.31349176752297914,0.09024460474800829,1.071194052696228,0.261260986328125,0.3907003402709961,0.3144373893737793
sred,4,no_image,global_full_cal,0.8566275924256087,0.52252197265625,0.24316348997196474,0.3633876415539703,0.10456584314713478,1.4944169521331787,0.261260986328125,0.3907003402709961,0.369049072265625
sred,4,no_image,pooled_masked_cal,0.9504057709648331,0.7814006805419922,0.3636366057127692,0.3633876315271938,0.1090691493725591,0.9993153214454651,0.261260986328125,0.3907003402709961,0.369049072265625
sred,4,no_image,mask_matched_cal,0.9377817853922452,0.73809814453125,0.3434851167189545,0.3633876292493308,0.1077240793406694,1.0579428672790527,0.261260986328125,0.3907003402709961,0.369049072265625
sred,4,tab_only,global_full_cal,0.7826871055004508,0.52252197265625,0.24316348997196474,0.44228227167004874,0.13093705545053905,1.8188679218292236,0.261260986328125,0.3907003402709961,0.4465494155883789
sred,4,tab_only,pooled_masked_cal,0.915238954012624,0.7814006805419922,0.3636366057127692,0.44228227754704624,0.13011811463206124,1.2162754535675049,0.261260986328125,0.3907003402709961,0.4465494155883789
sred,4,tab_only,mask_matched_cal,0.9359783588818755,0.8930988311767578,0.4156170267344744,0.44228226756518685,0.13256025794432616,1.0641582012176514,0.261260986328125,0.3907003402709961,0.4465494155883789
