dataset,regime,method,picp_mean,mpiw_mean,niw_mean,nciw_mean,crps_mean,c_test_cal_mean,q_global_mean,q_pooled_masked_mean,q_regime_mean,n_seeds,picp_std,mpiw_std,niw_std,nciw_std,crps_std,c_test_cal_std,q_global_std,q_pooled_masked_std,q_regime_std,coverage_gain_mean,coverage_gain_std,mpiw_change_pct_mean,crps_change_pct_mean,coverage_gain_vs_pooled_mean,mpiw_change_vs_pooled_pct_mean,crps_change_vs_pooled_pct_mean
imdb_wiki,full,global_full_cal,0.9503824579296276,35.887777709960936,0.39875308566623263,0.3968440775232628,5.057300017329317,0.9952755331993103,17.943888092041014,36.06385955810547,17.943888092041014,5,0.001162851019988921,0.3280984748232481,0.0036455386091472177,0.0022134092072762573,0.021320323735971654,0.010222364653798742,0.16404916823203353,2.1761456050288865,0.16404916823203353,0.0,0.0,0.0,0.0,0.0,0.0,0.0
imdb_wiki,full,mask_matched_cal,0.9503824579296276,35.887777709960936,0.39875308566623263,0.3968440775232628,5.057300017329317,0.9952755331993103,17.943888092041014,36.06385955810547,17.943888092041014,5,0.001162851019988921,0.3280984748232481,0.0036455386091472177,0.0022134092072762573,0.021320323735971654,0.010222364653798742,0.16404916823203353,2.1761456050288865,0.16404916823203353,0.0,0.0,0.0,0.0,0.0,0.0,0.0
imdb_wiki,full,pooled_masked_cal,0.9503824579296276,35.887777709960936,0.39875308566623263,0.3968440775232628,5.057300017329317,0.9952755331993103,17.943888092041014,36.06385955810547,17.943888092041014,5,0.001162851019988921,0.3280984748232481,0.0036455386091472177,0.0022134092072762573,0.021320323735971654,0.010222364653798742,0.16404916823203353,2.1761456050288865,0.16404916823203353,0.0,0.0,0.0,0.0,0.0,0.0,0.0
imdb_wiki,no_image,global_full_cal,0.758847526772055,35.887776947021486,0.39875307718912756,0.8772075068320465,9.886403621607347,2.2008480787277223,17.943888092041014,36.06385955810547,40.02818222045899,5,0.02927262359446812,0.32809711458037316,0.0036455234953374537,0.053489867127092215,0.5190415135802396,0.1509802430798071,0.16404916823203353,2.1761456050288865,2.3430928013568955,0.19428862825089238,0.028901382987782723,123.17122995496356,6.748435288851988,0.01881693013768484,11.012280543851695,2.7900102574001053
imdb_wiki,no_image,mask_matched_cal,0.9531361550229475,80.05636138916016,0.8895151265462239,0.8772074453354536,10.554457578967906,0.986052393913269,17.943888092041014,36.06385955810547,40.02818222045899,5,0.0005527660221489157,4.686192398833746,0.05206880443148606,0.05348989513194745,0.5765402449421502,0.004311720455577301,0.16404916823203353,2.1761456050288865,2.3430928013568955,0.19428862825089238,0.028901382987782723,123.17122995496356,6.748435288851988,0.01881693013768484,11.012280543851695,2.7900102574001053
imdb_wiki,no_image,pooled_masked_cal,0.9343192248852625,72.12771759033203,0.8014190843370226,0.877207441406578,10.26789507122956,1.0946066617965697,17.943888092041014,36.06385955810547,40.02818222045899,5,0.0018262115838317478,4.352290446747812,0.04835878274164234,0.053489845720413536,0.5575216621017289,0.010923951579111968,0.16404916823203353,2.1761456050288865,2.3430928013568955,0.19428862825089238,0.028901382987782723,123.17122995496356,6.748435288851988,0.01881693013768484,11.012280543851695,2.7900102574001053
imdb_wiki,no_text,global_full_cal,0.9498215196328404,35.887777709960936,0.39875308566623263,0.3998737238619166,5.070542427832938,1.0028714895248414,17.943888092041014,36.06385955810547,18.05648880004883,5,0.0016563367433871888,0.3280984748232481,0.0036455386091472177,0.002765653419682671,0.016168547007232092,0.010851722534669251,0.16404916823203353,2.1761456050288865,0.14336579631569785,0.0004079551249362323,0.0013199570734874421,0.6304604383281918,0.1480890524516952,-0.04742478327383985,-49.76201397576133,-28.249842478299048
imdb_wiki,no_text,mask_matched_cal,0.9502294747577766,36.11298141479492,0.40125534905327687,0.39987373110110336,5.078034799368623,0.9965893864631653,17.943888092041014,36.06385955810547,18.05648880004883,5,0.0011600523371827361,0.28672763705843773,0.0031858626339826166,0.002765603072807596,0.011166922752999249,0.008135525275925317,0.16404916823203353,2.1761456050288865,0.14336579631569785,0.0004079551249362323,0.0013199570734874421,0.6304604383281918,0.1480890524516952,-0.04742478327383985,-49.76201397576133,-28.249842478299048
imdb_wiki,no_text,pooled_masked_cal,0.9976542580316166,72.12771911621094,0.8014191012912327,0.3998737074704837,7.087939809599563,0.5005411028861999,17.943888092041014,36.06385955810547,18.05648880004883,5,0.0005814255099945002,4.352287467070521,0.048358749634116974,0.002765624077447484,0.2967277471159178,0.032873647705536434,0.16404916823203353,2.1761456050288865,0.14336579631569785,0.0004079551249362323,0.0013199570734874421,0.6304604383281918,0.1480890524516952,-0.04742478327383985,-49.76201397576133,-28.249842478299048
imdb_wiki,tab_only,global_full_cal,0.7580826109127996,35.887776947021486,0.39875307718912756,0.8852007324763973,9.952577920000603,2.2207661628723145,17.943888092041014,36.06385955810547,40.354539489746095,5,0.02592476781532841,0.32809711458037316,0.0036455234953374537,0.044923262283978804,0.43204011534378894,0.12979830502263742,0.16404916823203353,2.1761456050288865,2.259286768353459,0.19520652728199897,0.026631817448381136,124.9888294687275,6.819321873422841,0.02019377868434471,11.926667095916494,2.991953345882796
imdb_wiki,tab_only,mask_matched_cal,0.9532891381947985,80.70907897949219,0.8967675442165799,0.8852007404270272,10.632916679828892,0.9873458862304687,17.943888092041014,36.06385955810547,40.354539489746095,5,0.0009437407202101557,4.518578064680712,0.05020642294089684,0.04492332206260203,0.5099309127824906,0.006497974835489067,0.16404916823203353,2.1761456050288865,2.259286768353459,0.19520652728199897,0.026631817448381136,124.9888294687275,6.819321873422841,0.02019377868434471,11.926667095916494,2.991953345882796
imdb_wiki,tab_only,pooled_masked_cal,0.9330953595104539,72.12771911621094,0.8014191012912327,0.8852007957575087,10.324034848450804,1.1051152229309082,17.943888092041014,36.06385955810547,40.354539489746095,5,0.0014713450327642657,4.352287467070521,0.048358749634116974,0.04492325717161556,0.4946273243041739,0.014203126109140901,0.16404916823203353,2.1761456050288865,2.259286768353459,0.19520652728199897,0.026631817448381136,124.9888294687275,6.819321873422841,0.02019377868434471,11.926667095916494,2.991953345882796
mercari,full,global_full_cal,0.9496600000000001,2.3317450046539308,0.31201972644233766,0.3127475873701604,0.3399283375258425,1.0024303793907166,1.1658724784851073,1.3115556240081787,1.1658724784851073,5,0.002082786594925169,0.02599927013914145,0.0034790618786891673,0.0013028768317722332,0.0016231270140510362,0.011702303608836357,0.012999554897028004,0.027015686720563366,0.012999554897028004,0.0,0.0,0.0,0.0,0.0,0.0,0.0
mercari,full,mask_matched_cal,0.9496600000000001,2.3317450046539308,0.31201972644233766,0.3127475873701604,0.3399283375258425,1.0024303793907166,1.1658724784851073,1.3115556240081787,1.1658724784851073,5,0.002082786594925169,0.02599927013914145,0.0034790618786891673,0.0013028768317722332,0.0016231270140510362,0.011702303608836357,0.012999554897028004,0.027015686720563366,0.012999554897028004,0.0,0.0,0.0,0.0,0.0,0.0,0.0
mercari,full,pooled_masked_cal,0.9496600000000001,2.3317450046539308,0.31201972644233766,0.3127475873701604,0.3399283375258425,1.0024303793907166,1.1658724784851073,1.3115556240081787,1.1658724784851073,5,0.002082786594925169,0.02599927013914145,0.0034790618786891673,0.0013028768317722332,0.0016231270140510362,0.011702303608836357,0.012999554897028004,0.027015686720563366,0.012999554897028004,0.0,0.0,0.0,0.0,0.0,0.0,0.0
mercari,no_text,global_full_cal,0.92972,2.3317450046539308,0.31201972644233766,0.34973736637890473,0.3800015977628216,1.120976495742798,1.1658724784851073,1.3115556240081787,1.3115556240081787,5,0.0036772272162595523,0.02599927013914145,0.0034790618786891673,0.006454892780470616,0.002629253576842686,0.023072407544653502,0.012999554897028004,0.027015686720563366,0.027015686720563366,0.02073999999999998,0.004899285662216495,12.51357778968109,1.7068058962238215,0.0,0.0,0.0
mercari,no_text,mask_matched_cal,0.95046,2.6231110095977783,0.351008527094092,0.34973730549058885,0.38647936898701996,0.9964504718780518,1.1658724784851073,1.3115556240081787,1.3115556240081787,5,0.0013794926603647012,0.05403137344112673,0.007230144945847658,0.006454958071366479,0.0017276299520525863,0.009793955147716076,0.012999554897028004,0.027015686720563366,0.027015686720563366,0.02073999999999998,0.004899285662216495,12.51357778968109,1.7068058962238215,0.0,0.0,0.0
mercari,no_text,pooled_masked_cal,0.95046,2.6231110095977783,0.351008527094092,0.34973730549058885,0.38647936898701996,0.9964504718780518,1.1658724784851073,1.3115556240081787,1.3115556240081787,5,0.0013794926603647012,0.05403137344112673,0.007230144945847658,0.006454958071366479,0.0017276299520525863,0.009793955147716076,0.012999554897028004,0.027015686720563366,0.027015686720563366,0.02073999999999998,0.004899285662216495,12.51357778968109,1.7068058962238215,0.0,0.0,0.0
mercari,tab_only,global_full_cal,0.92972,2.3317450046539308,0.31201972644233766,0.34973736637890473,0.3800015977628216,1.120976495742798,1.1658724784851073,1.3115556240081787,1.3115556240081787,5,0.0036772272162595523,0.02599927013914145,0.0034790618786891673,0.006454892780470616,0.002629253576842686,0.023072407544653502,0.012999554897028004,0.027015686720563366,0.027015686720563366,0.02073999999999998,0.004899285662216495,12.51357778968109,1.7068058962238215,0.0,0.0,0.0
mercari,tab_only,mask_matched_cal,0.95046,2.6231110095977783,0.351008527094092,0.34973730549058885,0.38647936898701996,0.9964504718780518,1.1658724784851073,1.3115556240081787,1.3115556240081787,5,0.0013794926603647012,0.05403137344112673,0.007230144945847658,0.006454958071366479,0.0017276299520525863,0.009793955147716076,0.012999554897028004,0.027015686720563366,0.027015686720563366,0.02073999999999998,0.004899285662216495,12.51357778968109,1.7068058962238215,0.0,0.0,0.0
mercari,tab_only,pooled_masked_cal,0.95046,2.6231110095977783,0.351008527094092,0.34973730549058885,0.38647936898701996,0.9964504718780518,1.1658724784851073,1.3115556240081787,1.3115556240081787,5,0.0013794926603647012,0.05403137344112673,0.007230144945847658,0.006454958071366479,0.0017276299520525863,0.009793955147716076,0.012999554897028004,0.027015686720563366,0.027015686720563366,0.02073999999999998,0.004899285662216495,12.51357778968109,1.7068058962238215,0.0,0.0,0.0
pawpularity,full,global_full_cal,0.9508825012607162,79.5903305053711,0.8121462296466438,0.8040855603858958,10.45277667386203,0.990891444683075,39.795162963867185,45.130854797363284,39.795162963867185,5,0.00537958057613502,2.409204613476593,0.024583720545679533,0.004724222021634638,0.09661879029080223,0.03392925744191296,1.2046026367831755,1.041021787434554,1.2046026367831755,0.0,0.0,0.0,0.0,0.0,0.0,0.0
pawpularity,full,mask_matched_cal,0.9508825012607162,79.5903305053711,0.8121462296466438,0.8040855603858958,10.45277667386203,0.990891444683075,39.795162963867185,45.130854797363284,39.795162963867185,5,0.00537958057613502,2.409204613476593,0.024583720545679533,0.004724222021634638,0.09661879029080223,0.03392925744191296,1.2046026367831755,1.041021787434554,1.2046026367831755,0.0,0.0,0.0,0.0,0.0,0.0,0.0
pawpularity,full,pooled_masked_cal,0.9508825012607162,79.5903305053711,0.8121462296466438,0.8040855603858958,10.45277667386203,0.990891444683075,39.795162963867185,45.130854797363284,39.795162963867185,5,0.00537958057613502,2.409204613476593,0.024583720545679533,0.004724222021634638,0.09661879029080223,0.03392925744191296,1.2046026367831755,1.041021787434554,1.2046026367831755,0.0,0.0,0.0,0.0,0.0,0.0,0.0
pawpularity,no_image,global_full_cal,0.9377710539586485,79.59032897949218,0.8121462140764508,0.9102015667875986,11.621297040933685,1.121496057510376,39.795162963867185,45.130854797363284,45.130854797363284,5,0.006648170851306902,2.409207288252379,0.02458374783930997,0.04035607735149482,0.08819795679326622,0.05850157909538477,1.2046026367831755,1.041021787434554,1.041021787434554,0.01371659102370144,0.005110489585540388,13.500925626418228,3.3623751702834475,0.0,0.0,0.0
pawpularity,no_image,mask_matched_cal,0.9514876449823501,90.26170806884765,0.921037837437221,0.9102014876814346,12.011560419553557,0.9883236289024353,39.795162963867185,45.130854797363284,45.130854797363284,5,0.0024549997871181114,2.082051663118071,0.021245425133857836,0.04035613643846314,0.1040797071327317,0.040524029824059254,1.2046026367831755,1.041021787434554,1.041021787434554,0.01371659102370144,0.005110489585540388,13.500925626418228,3.3623751702834475,0.0,0.0,0.0
pawpularity,no_image,pooled_masked_cal,0.9514876449823501,90.26170806884765,0.921037837437221,0.9102014876814346,12.011560419553557,0.9883236289024353,39.795162963867185,45.130854797363284,45.130854797363284,5,0.0024549997871181114,2.082051663118071,0.021245425133857836,0.04035613643846314,0.1040797071327317,0.040524029824059254,1.2046026367831755,1.041021787434554,1.041021787434554,0.01371659102370144,0.005110489585540388,13.500925626418228,3.3623751702834475,0.0,0.0,0.0
pawpularity,tab_only,global_full_cal,0.9377710539586485,79.59032897949218,0.8121462140764508,0.9102015667875986,11.621297040933685,1.121496057510376,39.795162963867185,45.130854797363284,45.130854797363284,5,0.006648170851306902,2.409207288252379,0.02458374783930997,0.04035607735149482,0.08819795679326622,0.05850157909538477,1.2046026367831755,1.041021787434554,1.041021787434554,0.01371659102370144,0.005110489585540388,13.500925626418228,3.3623751702834475,0.0,0.0,0.0
pawpularity,tab_only,mask_matched_cal,0.9514876449823501,90.26170806884765,0.921037837437221,0.9102014876814346,12.011560419553557,0.9883236289024353,39.795162963867185,45.130854797363284,45.130854797363284,5,0.0024549997871181114,2.082051663118071,0.021245425133857836,0.04035613643846314,0.1040797071327317,0.040524029824059254,1.2046026367831755,1.041021787434554,1.041021787434554,0.01371659102370144,0.005110489585540388,13.500925626418228,3.3623751702834475,0.0,0.0,0.0
pawpularity,tab_only,pooled_masked_cal,0.9514876449823501,90.26170806884765,0.921037837437221,0.9102014876814346,12.011560419553557,0.9883236289024353,39.795162963867185,45.130854797363284,45.130854797363284,5,0.0024549997871181114,2.082051663118071,0.021245425133857836,0.04035613643846314,0.1040797071327317,0.040524029824059254,1.2046026367831755,1.041021787434554,1.041021787434554,0.01371659102370144,0.005110489585540388,13.500925626418228,3.3623751702834475,0.0,0.0,0.0
sred,full,global_full_cal,0.9477006311992786,0.5295066952705383,0.2464139361086936,0.250176802160102,0.07565284626206706,1.01522057056427,0.2647533416748047,0.3924220085144043,0.2647533416748047,5,0.0016869510310071735,0.006055857809043754,0.0028181848739015796,0.005021183883524529,0.0008454505284108841,0.012315152982733184,0.0030279313860522555,0.023459579956371896,0.0030279313860522555,0.0,0.0,0.0,0.0,0.0,0.0,0.0
sred,full,mask_matched_cal,0.9477006311992786,0.5295066952705383,0.2464139361086936,0.250176802160102,0.07565284626206706,1.01522057056427,0.2647533416748047,0.3924220085144043,0.2647533416748047,5,0.0016869510310071735,0.006055857809043754,0.0028181848739015796,0.005021183883524529,0.0008454505284108841,0.012315152982733184,0.0030279313860522555,0.023459579956371896,0.0030279313860522555,0.0,0.0,0.0,0.0,0.0,0.0,0.0
sred,full,pooled_masked_cal,0.9477006311992786,0.5295066952705383,0.2464139361086936,0.250176802160102,0.07565284626206706,1.01522057056427,0.2647533416748047,0.3924220085144043,0.2647533416748047,5,0.0016869510310071735,0.006055857809043754,0.0028181848739015796,0.005021183883524529,0.0008454505284108841,0.012315152982733184,0.0030279313860522555,0.023459579956371896,0.0030279313860522555,0.0,0.0,0.0,0.0,0.0,0.0,0.0
sred,no_image,global_full_cal,0.866366095581605,0.5295066952705383,0.2464139361086936,0.3607431797105555,0.10322295275795454,1.4636351585388183,0.2647533416748047,0.3924220085144043,0.3725153923034668,5,0.02086058610051758,0.006055857809043754,0.0028181848739015796,0.02079341075607817,0.006872514862348269,0.07414185864620546,0.0030279313860522555,0.023459579956371896,0.016650703422452673,0.07592425608656447,0.018207017497345893,40.67134790264358,3.5801386591521065,-0.010459873760144279,-4.990455702345629,-1.19439555777665
sred,no_image,mask_matched_cal,0.9422903516681694,0.7450307965278625,0.34671133100749013,0.36074316514590155,0.1068714162328001,1.0401749014854431,0.2647533416748047,0.3924220085144043,0.3725153923034668,5,0.004855874487948144,0.03330139993804889,0.015497309306866868,0.020793411341855625,0.006190800017511453,0.025669340625932967,0.0030279313860522555,0.023459579956371896,0.016650703422452673,0.07592425608656447,0.018207017497345893,40.67134790264358,3.5801386591521065,-0.010459873760144279,-4.990455702345629,-1.19439555777665
sred,no_image,pooled_masked_cal,0.9527502254283139,0.7848440051078797,0.365239008793143,0.36074315261200296,0.10817368016470238,0.9881136536598205,0.2647533416748047,0.3924220085144043,0.3725153923034668,5,0.0057596823887002425,0.046919161838035565,0.021834540433004476,0.02079340931915835,0.0064659544668123166,0.028907211180621645,0.0030279313860522555,0.023459579956371896,0.016650703422452673,0.07592425608656447,0.018207017497345893,40.67134790264358,3.5801386591521065,-0.010459873760144279,-4.990455702345629,-1.19439555777665
sred,no_text,global_full_cal,0.9074842200180342,0.5295066952705383,0.2464139361086936,0.3176530834512151,0.08925229793933522,1.289084553718567,0.2647533416748047,0.3924220085144043,0.3204659461975098,5,0.008686452356207226,0.006055857809043754,0.0028181848739015796,0.00561967010742404,0.0012735762654577174,0.015501044791208096,0.0030279313860522555,0.023459579956371896,0.00443239077480971,0.03444544634806135,0.010348117260915985,21.055278414613674,3.3791959885157836,-0.023805229936880036,-18.094600370422377,-6.027079330126378
sred,no_text,mask_matched_cal,0.9419296663660957,0.6409318804740906,0.2982673285452503,0.3176530734881188,0.09226764063590945,1.0651749849319458,0.2647533416748047,0.3924220085144043,0.3204659461975098,5,0.002436295056105695,0.008864771401907551,0.004125355228476851,0.005619663444012945,0.0012703646775839154,0.024830842118956416,0.0030279313860522555,0.023459579956371896,0.00443239077480971,0.03444544634806135,0.010348117260915985,21.055278414613674,3.3791959885157836,-0.023805229936880036,-18.094600370422377,-6.027079330126378
sred,no_text,pooled_masked_cal,0.9657348963029756,0.7848440051078797,0.365239008793143,0.3176530761957233,0.0982244574078266,0.8716441869735718,0.2647533416748047,0.3924220085144043,0.3204659461975098,5,0.005447721358699084,0.046919161838035565,0.021834540433004476,0.005619679270034247,0.0022557745867343164,0.04235523311716721,0.0030279313860522555,0.023459579956371896,0.00443239077480971,0.03444544634806135,0.010348117260915985,21.055278414613674,3.3791959885157836,-0.023805229936880036,-18.094600370422377,-6.027079330126378
sred,tab_only,global_full_cal,0.7895401262398558,0.5295066952705383,0.2464139361086936,0.4313301009988407,0.1292375581315603,1.7503830432891845,0.2647533416748047,0.3924220085144043,0.45345230102539064,5,0.04352856714159785,0.006055857809043754,0.0028181848739015796,0.021055285066813662,0.012700648891906722,0.08142640805027239,0.0030279313860522555,0.023459579956371896,0.028443885157218286,0.15617673579801622,0.04439232438174414,71.24364569638112,1.9511071662471202,0.027772768259693416,15.570214358663762,2.2690846481389504
sred,tab_only,mask_matched_cal,0.945716862037872,0.9069046020507813,0.4220417506755848,0.4313301850653386,0.1315126900093777,1.0230824589729308,0.2647533416748047,0.3924220085144043,0.45345230102539064,5,0.006729705376752147,0.05688775602085281,0.02647357626012124,0.021055117862893723,0.00990349542108316,0.033212652632631984,0.0030279313860522555,0.023459579956371896,0.028443885157218286,0.15617673579801622,0.04439232438174414,71.24364569638112,1.9511071662471202,0.027772768259693416,15.570214358663762,2.2690846481389504
sred,tab_only,pooled_masked_cal,0.9179440937781786,0.7848440051078797,0.365239008793143,0.43133008062028483,0.12863247766915706,1.181713581085205,0.2647533416748047,0.3924220085144043,0.45345230102539064,5,0.004728624202750862,0.046919161838035565,0.021834540433004476,0.021055294427485743,0.010251928718917122,0.02742468326236318,0.0030279313860522555,0.023459579956371896,0.028443885157218286,0.15617673579801622,0.04439232438174414,71.24364569638112,1.9511071662471202,0.027772768259693416,15.570214358663762,2.2690846481389504
