gamma_true,n_budget,strategy,n_reps,n_cal,p_infinite,coverage_mean,coverage_sd,width_mean,width_sd,width_q25,width_q75,cov_at_d3_mean,gamma_hat_mean,gamma_hat_median,share_gamma_zero,width_vs_oracle
0.0,25,fixed_g1,2000,25,0.0,0.9617464941105351,0.03763319675494142,5.501028769302015,1.3251500801325484,4.567209859270921,6.260148833758857,0.9999923769585759,,,,1.2122895656735824
0.0,25,marginal,2000,25,0.0,0.9630040143617086,0.03515149738294681,4.537718483327445,0.920366680337626,3.911984795386928,5.067565217428387,0.9630040143617085,,,,1.0
0.0,25,oracle_shape,2000,25,0.0,0.9630040143617086,0.03515149738294681,4.537718483327445,0.920366680337626,3.911984795386928,5.067565217428387,0.9630040143617085,,,,1.0
0.0,25,tuned_split,2000,15,1.0,1.0,0.0,inf,,inf,inf,1.0,0.0,0.0,1.0,inf
0.0,31,fixed_g1,2000,31,0.0,0.9702762126130465,0.02947124291616575,5.7874238657125865,1.3120851744932844,4.843880270318113,6.563245385041992,0.9999958083748048,,,,1.228049379090685
0.0,31,marginal,2000,31,0.0,0.9704233163062741,0.02861443073090665,4.712696381963005,0.8898200980164134,4.0844837792877895,5.2585433371041965,0.9704233163062741,,,,1.0
0.0,31,oracle_shape,2000,31,0.0,0.9704233163062741,0.02861443073090665,4.712696381963005,0.8898200980164134,4.0844837792877895,5.2585433371041965,0.9704233163062741,,,,1.0
0.0,31,tuned_split,2000,19,0.0,0.9506203672228084,0.04717057196946534,4.310681945218318,0.959949471753786,3.6230069926114954,4.905142381745331,0.9506203672228082,0.0,0.0,1.0,0.9146954515713498
0.0,50,fixed_g1,2000,50,0.0,0.9605960631350244,0.026975085892595133,5.1767720317645995,0.8694459983589389,4.558931702960907,5.75249046353902,0.9999994354725872,,,,1.203721655220948
0.0,50,marginal,2000,50,0.0,0.9608113676693044,0.02693448760691619,4.300638780827103,0.6121544823514877,3.8775887628401984,4.662558048248278,0.9608113676693044,,,,1.0
0.0,50,oracle_shape,2000,50,0.0,0.9608113676693044,0.02693448760691619,4.300638780827103,0.6121544823514877,3.8775887628401984,4.662558048248278,0.9608113676693044,,,,1.0
0.0,50,tuned_split,2000,30,0.0,0.9672334645242682,0.03199014186836202,4.919980531564605,1.3958546612131209,4.094388230692823,5.406851834390126,0.978067372855032,8.707833333333332,0.0,0.6515,1.144011571838728
0.0,100,fixed_g1,2000,100,0.0,0.9510835882155056,0.021714706642126783,4.765286656005207,0.5422255069570173,4.403494126892865,5.101094584644133,0.9999997382620898,,,,1.1929333841935432
0.0,100,marginal,2000,100,0.0,0.9504934531117433,0.02109823825512925,3.9945957747059584,0.37217950560318525,3.74535343633171,4.234439059372176,0.9504934531117433,,,,1.0
0.0,100,oracle_shape,2000,100,0.0,0.9504934531117433,0.02109823825512925,3.9945957747059584,0.37217950560318525,3.74535343633171,4.234439059372176,0.9504934531117433,,,,1.0
0.0,100,tuned_split,2000,60,0.0,0.9511147879553237,0.026327912637992033,4.1631424960860475,0.5904177011216079,3.7877529839111053,4.480118886405492,0.9694821032991203,0.15395833333333334,0.0,0.5995,1.0421936863918342
0.0,200,fixed_g1,2000,200,0.0,0.9508593779060057,0.015356567092802954,4.707956536872885,0.3848269063149497,4.442262981622719,4.9473760971324,0.9999999534549645,,,,1.1857101135374948
0.0,200,marginal,2000,200,0.0,0.9508255611818047,0.015554069043330319,3.9705797252812323,0.2745113980428332,3.7769998369120974,4.149763899243238,0.9508255611818045,,,,1.0
0.0,200,oracle_shape,2000,200,0.0,0.9508255611818047,0.015554069043330319,3.9705797252812323,0.2745113980428332,3.7769998369120974,4.149763899243238,0.9508255611818045,,,,1.0
0.0,200,tuned_split,2000,120,0.0,0.9515924825873715,0.01925417635006939,4.07771044747858,0.407667665901037,3.791508387514871,4.323265924917915,0.9696480487760509,0.10275,0.0,0.5925,1.0269811286032695
0.0,400,fixed_g1,2000,400,0.0,0.9499884932538892,0.0112108865878603,4.660929884699914,0.27444752496905434,4.465103524693005,4.838962232504849,0.9999999827338848,,,,1.1847930579500532
0.0,400,marginal,2000,400,0.0,0.9498222086763057,0.010954225735180591,3.933961170201592,0.1872097974000046,3.8076422773701966,4.060240069390334,0.9498222086763055,,,,1.0
0.0,400,oracle_shape,2000,400,0.0,0.9498222086763057,0.010954225735180591,3.933961170201592,0.1872097974000046,3.8076422773701966,4.060240069390334,0.9498222086763055,,,,1.0
0.0,400,tuned_split,2000,240,0.0,0.9502315354404764,0.0140527719718848,3.995916828198263,0.2651876604303717,3.8120148813702706,4.168056281020011,0.9692760003367311,0.07220833333333333,0.0,0.5825,1.0157489246375802
0.0,800,fixed_g1,2000,800,0.0,0.9497592057796562,0.0075548552320741985,4.640127386499966,0.1806262499545259,4.51807651325313,4.763243070597472,0.999999991134564,,,,1.1811254582119477
0.0,800,marginal,2000,800,0.0,0.9500050285338241,0.007711889960162629,3.9285643656554865,0.1323738908224477,3.8417245484665945,4.015475194526179,0.950005028533824,,,,1.0
0.0,800,oracle_shape,2000,800,0.0,0.9500050285338241,0.007711889960162629,3.9285643656554865,0.1323738908224477,3.8417245484665945,4.015475194526179,0.950005028533824,,,,1.0
0.0,800,tuned_split,2000,480,0.0,0.9500532541399894,0.009662459349768306,3.9587882242769763,0.1734377655130491,3.8418046701396027,4.0761338896118,0.9669285025491703,0.04758333333333333,0.0,0.6245,1.0076933596623017
0.0,1600,fixed_g1,2000,1600,0.0,0.9500106672133095,0.005475611387285429,4.640540820270384,0.131769695161602,4.547164714887743,4.7270641127964605,0.9999999940176465,,,,1.1822781039233012
0.0,1600,marginal,2000,1600,0.0,0.9500500006257843,0.005475624298018864,3.9250839585636386,0.09373125265812074,3.8613076157329584,3.9883375430822867,0.9500500006257842,,,,1.0
0.0,1600,oracle_shape,2000,1600,0.0,0.9500500006257843,0.005475624298018864,3.9250839585636386,0.09373125265812074,3.8613076157329584,3.9883375430822867,0.9500500006257842,,,,1.0
0.0,1600,tuned_split,2000,960,0.0,0.9499643440780773,0.006967100239286952,3.944316118383721,0.12643141805446403,3.859426794079889,4.0238375288044725,0.964606372552481,0.03708333333333333,0.0,0.6735,1.0048998085195406
0.0,3200,fixed_g1,2000,3200,0.0,0.9500731264318127,0.003851798912977963,4.638819422550307,0.09267599629454444,4.575777549097655,4.7005738262108245,0.9999999952027193,,,,1.1823043209448807
0.0,3200,marginal,2000,3200,0.0,0.9500920135333044,0.003762016480817052,3.9235409533503436,0.06451670325699682,3.879850053909412,3.9656001468374433,0.9500920135333043,,,,1.0
0.0,3200,oracle_shape,2000,3200,0.0,0.9500920135333044,0.003762016480817052,3.9235409533503436,0.06451670325699682,3.879850053909412,3.9656001468374433,0.9500920135333043,,,,1.0
0.0,3200,tuned_split,2000,1920,0.0,0.9500697047629446,0.004894640788949753,3.9349512555328134,0.08654432006581388,3.8778395529934286,3.993138767021155,0.9612925937340503,0.024375,0.0,0.7435,1.0029081644152908
1.0,25,fixed_g1,2000,25,0.0,0.9588712098598222,0.03954364330644019,6.160771852611507,1.3102830588340786,5.222955542965651,6.8963411948880005,0.9742712556197219,,,,1.021391896599493
1.0,25,marginal,2000,25,0.0,0.9602504784022973,0.03820644438657585,6.986979801053517,2.170650389105876,5.481868418740878,8.058636041455502,0.7051586778952383,,,,1.1583685812801705
1.0,25,oracle_shape,2000,25,0.0,0.9587459294753509,0.03974729986720077,6.03174146292181,1.2606844602067433,5.147215081042336,6.773582219322546,0.9587459294753506,,,,1.0
1.0,25,tuned_split,2000,15,1.0,1.0,0.0,inf,,inf,inf,1.0,0.0,0.0,1.0,inf
1.0,31,fixed_g1,2000,31,0.0,0.9689551737391032,0.029636235736865427,6.47665523112209,1.285035457892543,5.56442979512026,7.235157805392603,0.9816751505933662,,,,1.0219145051588578
1.0,31,marginal,2000,31,0.0,0.96846592526796,0.030482064479444196,7.413368266473383,2.251268659193767,5.845013366761952,8.476548492602149,0.7321671836629079,,,,1.1697131147555315
1.0,31,oracle_shape,2000,31,0.0,0.9687806019817917,0.030011326431979256,6.3377662205854355,1.236991258200179,5.446664380441671,7.096318109711795,0.9687806019817915,,,,1.0
1.0,31,tuned_split,2000,19,0.0,0.9496694836912545,0.046994247282802284,6.59651846784431,2.182657527712921,5.043565151399176,7.670350462872824,0.6767362027573505,0.0,0.0,1.0,1.040827041934496
1.0,50,fixed_g1,2000,50,0.0,0.9607919824404717,0.025659294091698998,5.930591321644703,0.8372638062152263,5.327619496771605,6.435190690432161,0.9767571095526721,,,,1.0199137174715536
1.0,50,marginal,2000,50,0.0,0.9603059503392489,0.026938697129932243,6.466089162686763,1.3386027533559053,5.53341964168249,7.201876562706291,0.6829180210283227,,,,1.112005983509493
1.0,50,oracle_shape,2000,50,0.0,0.9608805873408615,0.025681649563968994,5.8147970951377195,0.809708043789688,5.238841575980615,6.312975875669475,0.9608805873408612,,,,1.0
1.0,50,tuned_split,2000,30,0.0,0.9678011460678678,0.032165388222493464,7.476731854456944,10.814778098417294,5.706684757114835,7.950535028620613,0.8980148258112469,57.42975,0.3333333333333333,0.2405,1.2858113072782744
1.0,100,fixed_g1,2000,100,0.0,0.9506780964400809,0.021208349304303913,5.521648927570108,0.5262599062514015,5.165673290679031,5.857405547537884,0.9701296003707078,,,,1.019197398812638
1.0,100,marginal,2000,100,0.0,0.9506244439106551,0.021786236638803625,5.8315349449552,0.7664287601598652,5.297352454245177,6.280361080612825,0.6399853138180239,,,,1.076396801923962
1.0,100,oracle_shape,2000,100,0.0,0.9507257853019325,0.0211909096344903,5.417644250272629,0.5073889557278388,5.073858064796397,5.771026301234356,0.9507257853019324,,,,1.0
1.0,100,tuned_split,2000,60,0.0,0.9508946230831462,0.02798538623135371,5.763509737222704,0.9607765075019177,5.098677030760181,6.276998582844619,0.8752839604292771,0.868375,0.3333333333333333,0.161,1.0638405681459557
1.0,200,fixed_g1,2000,200,0.0,0.9503771514334699,0.015312756500422138,5.467714313389231,0.3736869270118875,5.202221176307627,5.7132306890197855,0.9702091572078233,,,,1.0191885653986528
1.0,200,marginal,2000,200,0.0,0.9502840796425237,0.015102853433051207,5.727835684786067,0.5109769194205094,5.371620979940491,6.050359654121442,0.6333177488568843,,,,1.0676755038427972
1.0,200,oracle_shape,2000,200,0.0,0.9503890371316615,0.015049143731944705,5.364772034359069,0.3602425357758122,5.11050342040823,5.598393876422797,0.9503890371316613,,,,1.0
1.0,200,tuned_split,2000,120,0.0,0.9513723851359284,0.019512497845387007,5.529609037949002,0.5746344738566314,5.130244856908588,5.85913851109869,0.8796397734470611,0.56325,0.3333333333333333,0.092,1.0307258169656088
1.0,400,fixed_g1,2000,400,0.0,0.9500508900633235,0.010760838266895485,5.434641901663336,0.25831389495379403,5.256002577094926,5.609278870034802,0.970141540666051,,,,1.0189514116160736
1.0,400,marginal,2000,400,0.0,0.9504152523878832,0.010673606270078094,5.6918612646983675,0.3565048252994791,5.435692471864346,5.917370113661943,0.6310996075445635,,,,1.0671779622889552
1.0,400,oracle_shape,2000,400,0.0,0.9500658603342708,0.010667850469678842,5.333563347288469,0.24975213574951066,5.160571015901828,5.499465337892035,0.9500658603342707,,,,1.0
1.0,400,tuned_split,2000,240,0.0,0.9503704201718248,0.01392237570648766,5.40482022948074,0.38164428633197117,5.135628706205712,5.640577870751003,0.8882676094546001,0.5055,0.3333333333333333,0.048,1.0133600892222452
1.0,800,fixed_g1,2000,800,0.0,0.9501191451879942,0.007666218666350909,5.424851542421195,0.1851053981899999,5.295673261016765,5.548118958232726,0.9702698903368028,,,,1.0189563383403537
1.0,800,marginal,2000,800,0.0,0.9503156659054821,0.00787204372175538,5.6700104725700005,0.2589284014454565,5.490313267148693,5.844170162834578,0.6296174323757668,,,,1.0650048327226298
1.0,800,oracle_shape,2000,800,0.0,0.9500892473426207,0.00784800374181881,5.323929336616165,0.18439567083305872,5.196285212784245,5.443449666183858,0.9500892473426206,,,,1.0
1.0,800,tuned_split,2000,480,0.0,0.9501796931710794,0.009952702696032633,5.34110164614794,0.25767274211374513,5.161685653618276,5.506570942583252,0.890986965491575,0.4389166666666666,0.3333333333333333,0.018,1.0032254953899689
1.0,1600,fixed_g1,2000,1600,0.0,0.9500845176324862,0.005553483356673289,5.418210948521518,0.1327544411492424,5.334231443637507,5.507047863269744,0.9702847712898156,,,,1.0190835131864286
1.0,1600,marginal,2000,1600,0.0,0.9500969831885115,0.005435706197032359,5.651530914754936,0.17646388100710342,5.532736637175089,5.766622941905892,0.6282702811020756,,,,1.062967469190499
1.0,1600,oracle_shape,2000,1600,0.0,0.9500501554561328,0.005515413172789532,5.316748704510073,0.12807202674952928,5.230216504266511,5.403835729193368,0.9500501554561328,,,,1.0
1.0,1600,tuned_split,2000,960,0.0,0.9501365931185461,0.0070071926312321115,5.308571490331846,0.17727292510053125,5.189729165948679,5.422139264124086,0.8938842805460884,0.41045833333333337,0.3333333333333333,0.0045,0.9984619897172702
1.0,3200,fixed_g1,2000,3200,0.0,0.9499732118291229,0.0038805156198964377,5.412365562054875,0.09275816895192004,5.348993715310588,5.472025369756662,0.9702269118251035,,,,1.0189153290010782
1.0,3200,marginal,2000,3200,0.0,0.9499461210977223,0.003934425842698527,5.6418583715365225,0.1274565799682854,5.554720566706739,5.725659052164062,0.6275401303629703,,,,1.062118940951413
1.0,3200,oracle_shape,2000,3200,0.0,0.9499692456969095,0.0038884368943815028,5.311889425945763,0.09022046486192263,5.249873817970517,5.373685055751745,0.9499692456969094,,,,1.0
1.0,3200,tuned_split,2000,1920,0.0,0.949869105272437,0.00511125138567719,5.2828619842883064,0.12500643422818528,5.201153952239702,5.36355724527915,0.8980034786115785,0.4023333333333333,0.3333333333333333,0.0005,0.9945353829250148
4.0,25,fixed_g1,2000,25,0.0,0.9629515219467146,0.03553601308678922,8.995586750621795,2.0157263771414464,7.560984358128804,10.151368060997411,0.9193014791740854,,,,0.992058843468337
4.0,25,marginal,2000,25,0.0,0.9621126255608561,0.035238095343600895,12.250274717235202,4.437375137380714,9.104444547928743,14.466140702619537,0.6568041934401269,,,,1.350995071812266
4.0,25,oracle_shape,2000,25,0.0,0.9633832406284495,0.03565102578227073,9.067593933412583,1.8180394150895447,7.83278674626937,10.160922003882625,0.9633832406284494,,,,1.0
4.0,25,tuned_split,2000,15,1.0,1.0,0.0,inf,,inf,inf,1.0,0.0,0.0,1.0,inf
4.0,31,fixed_g1,2000,31,0.0,0.9688540051358437,0.03009287140445275,9.295936397211463,1.9992815140022926,7.91383787185344,10.445211620815945,0.9294046288666046,,,,0.998556882269403
4.0,31,marginal,2000,31,0.0,0.968488064591445,0.03127929060260985,13.038261672396322,4.537955478080721,9.751785056106867,15.431784600039249,0.6856064943605092,,,,1.4005523886443776
4.0,31,oracle_shape,2000,31,0.0,0.9683173530725854,0.03095628417408402,9.309370915440239,1.8180066070733643,8.007493939523297,10.425496893501977,0.9683173530725854,,,,1.0
4.0,31,tuned_split,2000,19,0.0,0.9490909051103262,0.0497676640779984,11.397644835615486,4.514031954475955,8.08250297525717,13.791284621841617,0.6201790219341761,0.0,0.0,1.0,1.224319552754279
4.0,50,fixed_g1,2000,50,0.0,0.9614747644756046,0.025865890459126305,8.486669586961131,1.316821084817005,7.561519036414745,9.247200206713499,0.913286389257869,,,,0.9885166363392197
4.0,50,marginal,2000,50,0.0,0.9607677667387128,0.026341313181024173,11.11191631725405,2.8055443666054036,9.10030720822457,12.638878926488312,0.6265260003071081,,,,1.29430208501237
4.0,50,oracle_shape,2000,50,0.0,0.9612144454751691,0.02621360515160595,8.585257217713474,1.1989461193156679,7.741774999777017,9.318115836452463,0.9612144454751689,,,,1.0
4.0,50,tuned_split,2000,30,0.0,0.9672049288401517,0.03358649127584247,12.71402760175819,21.360588090821814,8.476969237551845,12.227270259290927,0.9246270382406876,372.126125,2.0,0.0835,1.4809139993529905
4.0,100,fixed_g1,2000,100,0.0,0.950689783350115,0.021404996260113496,7.812944330890697,0.8083723448383077,7.266025874904049,8.335501002412112,0.8925066992411861,,,,0.9805036800921716
4.0,100,marginal,2000,100,0.0,0.9506749774029196,0.021703789955211477,9.744128971116778,1.5846994405156938,8.668983065445087,10.649459938267988,0.5729174922017873,,,,1.2228622028826803
4.0,100,oracle_shape,2000,100,0.0,0.9502178956688845,0.021997302515853686,7.96829679431315,0.7733619935531957,7.460422886925402,8.463744157153199,0.9502178956688845,,,,1.0
4.0,100,tuned_split,2000,60,0.0,0.9508835107762527,0.0272825028287472,8.484006184789406,1.5637649190160505,7.505517431612889,9.17918105910707,0.8925595807248237,27.246708333333334,1.3333333333333333,0.046,1.0647201533512545
4.0,200,fixed_g1,2000,200,0.0,0.950112984085999,0.0156973975113441,7.7179394769774134,0.5763069895311861,7.325005896290158,8.09206143004949,0.8905451113541862,,,,0.9758815247313106
4.0,200,marginal,2000,200,0.0,0.9499868380491368,0.015121335005015888,9.508891332950435,1.0732224200325726,8.769675120104152,10.172248412607367,0.5637753353852647,,,,1.2023353383613444
4.0,200,oracle_shape,2000,200,0.0,0.9506885644454686,0.01509730342970255,7.9086848981000974,0.5232368621881924,7.561625171970807,8.246635154027643,0.9506885644454685,,,,1.0
4.0,200,tuned_split,2000,120,0.0,0.9502838417378459,0.01979241037528713,8.057221645927344,0.9695959880520626,7.442934561854061,8.554070353607697,0.8946882427701478,9.985833333333334,1.3333333333333333,0.0145,1.018781472487661
4.0,400,fixed_g1,2000,400,0.0,0.9502546813654044,0.010769468666238857,7.681477552057268,0.39668029210826555,7.401163272867422,7.942200349332679,0.8901887795577355,,,,0.9770073743816484
4.0,400,marginal,2000,400,0.0,0.9497858295544868,0.010908814500458304,9.411247726702856,0.7525060542287054,8.88733694182555,9.891311757617302,0.5599567353945029,,,,1.197016897961074
4.0,400,oracle_shape,2000,400,0.0,0.9503023817071808,0.010785337905068044,7.862251353956159,0.3702260089197529,7.603605695913661,8.109816433969302,0.9503023817071807,,,,1.0
4.0,400,tuned_split,2000,240,0.0,0.9503330175610495,0.01381367419450054,7.858852467974912,0.5677386750332261,7.466022417150988,8.208834207408263,0.8992764667226523,1.616625,1.3333333333333333,0.001,0.9995676955838435
4.0,800,fixed_g1,2000,800,0.0,0.9498301211275028,0.00778993616955312,7.6474572310333695,0.2815068215137048,7.448536966829071,7.835828620573369,0.8892056667405295,,,,0.9765126031327614
4.0,800,marginal,2000,800,0.0,0.949940907039557,0.00780242504114809,9.379774212327893,0.5354663942516408,9.012036153171909,9.714425588134505,0.5588578411406622,,,,1.1977141494441776
4.0,800,oracle_shape,2000,800,0.0,0.9498695100734881,0.007834741925655853,7.8313963450133395,0.2675826506146296,7.651853411760126,8.003952738142393,0.9498695100734879,,,,1.0
4.0,800,tuned_split,2000,480,0.0,0.9499679968542825,0.010016030529689423,7.743534754580434,0.39004769795806654,7.48787126767748,7.984842742372802,0.900752200272454,1.4431666666666665,1.3333333333333333,0.0,0.9887808525373829
4.0,1600,fixed_g1,2000,1600,0.0,0.9501287507767023,0.005404459128421592,7.648355326161809,0.1961402166094704,7.511703380631146,7.781033982581807,0.8895629747702127,,,,0.9771663368257419
4.0,1600,marginal,2000,1600,0.0,0.9501162870479658,0.005599510820438586,9.37031558583786,0.3815460911622657,9.113677695442165,9.619329654117749,0.5586150924626382,,,,1.1971667849418932
4.0,1600,oracle_shape,2000,1600,0.0,0.9500033839222151,0.005478277872666746,7.827076146530967,0.18771056935180075,7.700199402147126,7.948885822307007,0.9500033839222151,,,,1.0
4.0,1600,tuned_split,2000,960,0.0,0.9501896697925113,0.007171188023408243,7.700689670728767,0.26922862608359777,7.516300452097523,7.873873093161487,0.9035692687114797,1.3923333333333332,1.3333333333333333,0.0,0.9838526579483687
4.0,3200,fixed_g1,2000,3200,0.0,0.9500335591748436,0.0038750761278513656,7.6403548099137755,0.14058862852137496,7.546346051588611,7.730578502134838,0.8893350225371971,,,,0.9768839171034411
4.0,3200,marginal,2000,3200,0.0,0.950200343108874,0.003749218197775571,9.36368660240624,0.25622703204041286,9.196085997268554,9.53614552194005,0.5584151258421167,,,,1.1972264474967296
4.0,3200,oracle_shape,2000,3200,0.0,0.9499576684919171,0.003850400857626295,7.821149141822494,0.13186558155506173,7.728916549922088,7.908222260351698,0.9499576684919171,,,,1.0
4.0,3200,tuned_split,2000,1920,0.0,0.9499503564189089,0.004935714165364935,7.661894685575591,0.18171781053099686,7.542401626376176,7.7760066762974525,0.9039264566461104,1.3407083333333334,1.3333333333333333,0.0,0.9796379722008736
16.0,25,fixed_g1,2000,25,0.0,0.9618634299509862,0.0378445054423827,16.371525766588153,4.0496748111421015,13.40938039391471,18.807603180081575,0.8898382844546707,,,,1.055862706165025
16.0,25,marginal,2000,25,0.0,0.9615453467794419,0.0382070018900175,23.70377535184142,8.989898707120103,17.27961090308957,28.474986338949215,0.6440984081931551,,,,1.5287477017201037
16.0,25,oracle_shape,2000,25,0.0,0.9617532177108491,0.035435997342200445,15.505354693368043,3.0653271253914,13.335987678794977,17.37318436368576,0.961753217710849,,,,1.0
16.0,25,tuned_split,2000,15,1.0,1.0,0.0,inf,,inf,inf,1.0,0.0,0.0,1.0,inf
16.0,31,fixed_g1,2000,31,0.0,0.9687512240618394,0.03066704938557353,17.089251973873544,4.057411625119663,14.082217147454811,19.52593441597454,0.904928999268023,,,,1.0556099747443977
16.0,31,marginal,2000,31,0.0,0.9688475083137185,0.02977185879019495,25.07379885914328,9.101546290426564,18.73899055698042,29.565923545828632,0.6714566004122919,,,,1.5488186505127015
16.0,31,oracle_shape,2000,31,0.0,0.969398669298761,0.029927566304079292,16.18898303609862,3.0888578075139788,14.037947490492265,17.997444040636655,0.9693986692987607,,,,1.0
16.0,31,tuned_split,2000,19,0.0,0.9499826797454441,0.04811109949437737,21.779769509322612,9.056824433543328,15.4699021426834,26.110793608667265,0.6033372750452011,0.0,0.0,1.0,1.345345131362329
16.0,50,fixed_g1,2000,50,0.0,0.9611389503409877,0.02594720096141947,15.384774885754359,2.674405137506097,13.526714445753699,17.025370964242356,0.8824250466739779,,,,1.0385279242505865
16.0,50,marginal,2000,50,0.0,0.9611848301835512,0.02635817578506433,21.413832245632612,5.63084063681455,17.4461571329242,24.468624330484914,0.6132979701141041,,,,1.4455110924566954
16.0,50,oracle_shape,2000,50,0.0,0.9598451187736191,0.028416960538953616,14.81402139172732,2.1280992015331974,13.311680761475523,16.201034143825222,0.9598451187736189,,,,1.0
16.0,50,tuned_split,2000,30,0.0,0.9679272194676883,0.03126562655871476,24.228554941544743,34.88597474050732,14.627936789275289,22.038831224032474,0.937833457036805,1352.328,8.0,0.0525,1.6355150502938276
16.0,100,fixed_g1,2000,100,0.0,0.949602120117752,0.022038255761965175,13.977639904392024,1.7207340639469368,12.754106515652817,15.101566249023751,0.8533856999370081,,,,1.0115791036944772
16.0,100,marginal,2000,100,0.0,0.9501860652116295,0.02190258849024762,18.5193095937339,3.245749068368474,16.107453470938506,20.487276268859755,0.5539421502658195,,,,1.3402653615352758
16.0,100,oracle_shape,2000,100,0.0,0.9504048639548961,0.021709137840213104,13.81764397202656,1.3366209072657362,12.910210178186762,14.640304526006592,0.950404863954896,,,,1.0
16.0,100,tuned_split,2000,60,0.0,0.9503428420897904,0.027125672808614627,14.761656265129899,3.6527325046545704,12.874733421816881,15.7944610077553,0.9072785611871782,204.71058333333332,5.0,0.0195,1.06831933830503
16.0,200,fixed_g1,2000,200,0.0,0.950077225501376,0.015830554368818035,13.84759220594268,1.2046339127626078,13.04680308932927,14.59213559716332,0.852816597755146,,,,1.0101590519196726
16.0,200,marginal,2000,200,0.0,0.950389771512979,0.015174652327802745,18.15505034034416,2.16940382571265,16.677855059530316,19.394399386968157,0.547220394448029,,,,1.324381030767617
16.0,200,oracle_shape,2000,200,0.0,0.9505663773901663,0.015541173001663074,13.708328584124628,0.9501141930626754,13.04882037542804,14.345179212023659,0.950566377390166,,,,1.0
16.0,200,tuned_split,2000,120,0.0,0.9503525284069044,0.01976942814208024,13.805219543427922,1.5869574564615974,12.721169267034849,14.684413802052541,0.9099553587878352,11.248916666666666,4.0,0.0025,1.0070680359541062
16.0,400,fixed_g1,2000,400,0.0,0.9498449616770661,0.011142003414841525,13.744484595890913,0.8420006280202303,13.173273264478343,14.285095044538053,0.8514231606577677,,,,1.0094783805930978
16.0,400,marginal,2000,400,0.0,0.9499777750589488,0.010956560880463146,17.931531128870827,1.5414704691678467,16.88048742746729,18.88962396881667,0.5425424677484063,,,,1.3170004942156155
16.0,400,oracle_shape,2000,400,0.0,0.9500831633209835,0.01103631806864866,13.615432346174298,0.6617194128743428,13.160544901324416,14.063215257340584,0.9500831633209834,,,,1.0
16.0,400,tuned_split,2000,240,0.0,0.9499994036908841,0.014144350178760673,13.429268849314623,0.9944724369447319,12.742797617279958,14.02440027043536,0.9105579686872431,5.371791666666666,4.0,0.0,0.9863270227396059
16.0,800,fixed_g1,2000,800,0.0,0.9498290395552162,0.00759232554642881,13.69836061372738,0.5682645943656456,13.285435605255202,14.066005826058518,0.8509178240068841,,,,1.008635837506796
16.0,800,marginal,2000,800,0.0,0.9498790794508148,0.007775558153913425,17.83037527483851,1.086506420474316,17.083230152315455,18.53097906173745,0.5404644358700184,,,,1.312883782631241
16.0,800,oracle_shape,2000,800,0.0,0.9500423942879209,0.0076508093186963425,13.581076642673905,0.458041980018655,13.25661029524122,13.895464324152874,0.9500423942879208,,,,1.0
16.0,800,tuned_split,2000,480,0.0,0.9501002099535629,0.009715351886285086,13.257190250398269,0.6550491836649128,12.801186935611769,13.661266957783363,0.9119266537248722,4.420875,4.0,0.0,0.9761516409341264
16.0,1600,fixed_g1,2000,1600,0.0,0.950150259158235,0.005440083204398884,13.703689126976386,0.40639620662066633,13.426412551708392,13.969140251317015,0.8514297212365015,,,,1.0098376021824491
16.0,1600,marginal,2000,1600,0.0,0.9499493492407339,0.00569392566714622,17.798491356345387,0.7844878930204099,17.259276220878146,18.347457118780227,0.5398805676152633,,,,1.311587388419005
16.0,1600,oracle_shape,2000,1600,0.0,0.9501127888755458,0.005398075591546325,13.570190986511232,0.3193515430139425,13.35881143974926,13.784640633814742,0.9501127888755456,,,,1.0
16.0,1600,tuned_split,2000,960,0.0,0.9501738041440435,0.007081799482093249,13.171058796354533,0.4558982130428454,12.857303476870204,13.473324049297766,0.9124206916804604,4.0375,4.0,0.0,0.970587577540107
16.0,3200,fixed_g1,2000,3200,0.0,0.950174559547722,0.00379994600218325,13.695386915275085,0.28245752691599746,13.501670201684535,13.88857219983488,0.8513757830489721,,,,1.0100341438010205
16.0,3200,marginal,2000,3200,0.0,0.9501075695737502,0.0038530422717518954,17.79510627338475,0.5314137855983515,17.442047048598848,18.14786876374997,0.539924030524952,,,,1.312388254517986
16.0,3200,oracle_shape,2000,3200,0.0,0.9500527009558876,0.0037909791040883754,13.559330641769982,0.2247560838117937,13.400759950716257,13.71482104769148,0.9500527009558876,,,,1.0
16.0,3200,tuned_split,2000,1920,0.0,0.9500171919569377,0.005000853241865448,13.118885524222906,0.3181857485920053,12.898705014645381,13.32660924469219,0.9136693212180086,4.017,4.0,0.0,0.9675171932019808
