dataset,base,calibration,bin,n_mean,picp_mean,picp_std,mpiw_mean,mpiw_std,crps_mean,disagreement_mean
imdb_wiki,sourcewise_quantile,binned_weighted_dis,high,1295.0,0.9256092675609408,0.011697468087288884,49.82164306640625,1.3371066209414146,9.548410899289626,2.3857067584991456
imdb_wiki,sourcewise_quantile,binned_weighted_dis,low,1286.2,0.9662461241577821,0.0040718777667249515,45.36737213134766,0.27602392001749754,7.012199723338834,0.5995884299278259
imdb_wiki,sourcewise_quantile,binned_weighted_dis,mid,1340.8,0.9625708493058796,0.0028035468902266477,44.87519912719726,0.4216872248399319,7.711557815631468,1.2670688867568969
imdb_wiki,sourcewise_quantile,difficulty_weighted,high,1295.0,0.9253850134364427,0.005279278653110681,73.29672698974609,35.601963145634265,11.39231382447274,2.3857067584991456
imdb_wiki,sourcewise_quantile,difficulty_weighted,low,1286.2,0.9691769144289933,0.005182260700972568,47.2811996459961,1.0713951425754287,7.097009517488354,0.5995884299278259
imdb_wiki,sourcewise_quantile,difficulty_weighted,mid,1340.8,0.9627629792614444,0.003963493250773045,46.84503326416016,2.03610293600042,7.862171742676404,1.2670688867568969
imdb_wiki,sourcewise_quantile,marginal,high,1295.0,0.9143769746067496,0.006543445632550492,48.51508102416992,0.48076542097449493,9.57261665252167,2.3857067584991456
imdb_wiki,sourcewise_quantile,marginal,low,1286.2,0.9738496352501083,0.0025957081857781597,46.782361602783205,0.42074048980556455,7.034716343896365,0.5995884299278259
imdb_wiki,sourcewise_quantile,marginal,mid,1340.8,0.9682728556983285,0.0031724894361875003,45.396253204345705,0.3938659202470405,7.709495738236619,1.2670688867568969
imdb_wiki,sourcewise_quantile,mondrian_dis,high,1295.0,0.954120148149325,0.0032022091017193826,54.414312744140624,0.7561637482258602,9.498607020849121,2.3857067584991456
imdb_wiki,sourcewise_quantile,mondrian_dis,low,1286.2,0.9559345708343967,0.004537620266036065,43.73243179321289,0.33499841786865403,6.993423501463039,0.5995884299278259
imdb_wiki,sourcewise_quantile,mondrian_dis,mid,1340.8,0.9479788671889088,0.0052581991498027066,43.451063537597655,0.46950391132643093,7.721702523698623,1.2670688867568969
imdb_wiki,sourcewise_quantile,weighted_dis,high,1295.0,0.9273852693274488,0.007728450847918711,49.50548553466797,0.8182437575384395,9.53690243301427,2.3857067584991456
imdb_wiki,sourcewise_quantile,weighted_dis,low,1286.2,0.9658989636216697,0.004814060026410398,45.34136047363281,0.1405858865819478,7.0107306383022685,0.5995884299278259
imdb_wiki,sourcewise_quantile,weighted_dis,mid,1340.8,0.9622876492121197,0.0022371815997918342,44.81740875244141,0.3354648276178212,7.710505695437985,1.2670688867568969
imdb_wiki,sourcewise_stack,binned_weighted_dis,high,1295.0,0.952148236368252,0.003647887473191469,36.22516632080078,0.4811975382082094,4.974682475924964,2.3857067584991456
imdb_wiki,sourcewise_stack,binned_weighted_dis,low,1286.2,0.9424515682024348,0.0033049918689730894,36.22516555786133,0.4811971912405077,5.416355014223046,0.5995884299278259
imdb_wiki,sourcewise_stack,binned_weighted_dis,mid,1340.8,0.9607447395848412,0.0032527141794918986,36.22516708374023,0.48119700407852206,4.877951900267226,1.2670688867568969
imdb_wiki,sourcewise_stack,difficulty_weighted,high,1295.0,0.9538774157130593,0.00524929772783014,34.933634185791014,0.47767423801244285,4.825267105814028,2.3857067584991456
imdb_wiki,sourcewise_stack,difficulty_weighted,low,1286.2,0.94272165562147,0.008937576689014659,36.09124069213867,0.6722265946492643,5.389916241268126,0.5995884299278259
imdb_wiki,sourcewise_stack,difficulty_weighted,mid,1340.8,0.9472346941451443,0.002284338237990748,32.3233226776123,0.5095460875052199,4.658946803332145,1.2670688867568969
imdb_wiki,sourcewise_stack,marginal,high,1295.0,0.952148236368252,0.003647887473191469,36.22516632080078,0.4811975382082094,4.974682475924964,2.3857067584991456
imdb_wiki,sourcewise_stack,marginal,low,1286.2,0.9424515682024348,0.0033049918689730894,36.22516555786133,0.4811971912405077,5.416355014223046,0.5995884299278259
imdb_wiki,sourcewise_stack,marginal,mid,1340.8,0.9607447395848412,0.0032527141794918986,36.22516708374023,0.48119700407852206,4.877951900267226,1.2670688867568969
imdb_wiki,sourcewise_stack,mondrian_dis,high,1295.0,0.9516757286660468,0.005278981022257639,36.34564208984375,1.1379272511505438,4.9799905381330305,2.3857067584991456
imdb_wiki,sourcewise_stack,mondrian_dis,low,1286.2,0.9520812842411637,0.006139782184531426,37.85147323608398,1.1134404434693255,5.460241899483416,0.5995884299278259
imdb_wiki,sourcewise_stack,mondrian_dis,mid,1340.8,0.9543797453955853,0.004224456719095682,34.54096374511719,1.0512237185855189,4.81641938461596,1.2670688867568969
imdb_wiki,sourcewise_stack,weighted_dis,high,1295.0,0.955621006691851,0.008826793925949894,37.28944778442383,2.2755096913448156,5.0145804365905375,2.3857067584991456
imdb_wiki,sourcewise_stack,weighted_dis,low,1286.2,0.9398341702039744,0.006027788490147134,35.830467224121094,1.129787639630564,5.4083755476121365,0.5995884299278259
imdb_wiki,sourcewise_stack,weighted_dis,mid,1340.8,0.9603022617087349,0.003491006042851133,36.16947250366211,0.5334650416530445,4.876531122444342,1.2670688867568969
imdb_wiki,xgb_point,binned_weighted_dis,high,1295.0,0.9477981428363302,0.0029951651601799285,35.88777618408203,0.328096476356675,4.96261632415492,2.3857067584991456
imdb_wiki,xgb_point,binned_weighted_dis,low,1286.2,0.942307118586038,0.0009612873838446089,35.887777709960936,0.3280963035834897,5.388270718628045,0.5995884299278259
imdb_wiki,xgb_point,binned_weighted_dis,mid,1340.8,0.9606388743502086,0.0016704560027227685,35.88777618408203,0.328096476356675,4.830929246695976,1.2670688867568969
imdb_wiki,xgb_point,difficulty_weighted,high,1295.0,0.9554466618805595,0.007187759153762368,35.03855667114258,1.0066754964001836,4.825764127605689,2.3857067584991456
imdb_wiki,xgb_point,difficulty_weighted,low,1286.2,0.9466336421922442,0.005856743224181199,36.39031753540039,0.42802129276247863,5.37961896072896,0.5995884299278259
imdb_wiki,xgb_point,difficulty_weighted,mid,1340.8,0.9548091179389477,0.0022197979475470486,32.704383850097656,0.4020823500037956,4.633198722071304,1.2670688867568969
imdb_wiki,xgb_point,marginal,high,1295.0,0.9477981428363302,0.0029951651601799285,35.88777618408203,0.328096476356675,4.96261632415492,2.3857067584991456
imdb_wiki,xgb_point,marginal,low,1286.2,0.942307118586038,0.0009612873838446089,35.887777709960936,0.3280963035834897,5.388270718628045,0.5995884299278259
imdb_wiki,xgb_point,marginal,mid,1340.8,0.9606388743502086,0.0016704560027227685,35.88777618408203,0.328096476356675,4.830929246695976,1.2670688867568969
imdb_wiki,xgb_point,mondrian_dis,high,1295.0,0.9485870246196179,0.0066662614656652535,36.165958404541016,0.9170360293736347,4.972868909525037,2.3857067584991456
imdb_wiki,xgb_point,mondrian_dis,low,1286.2,0.951197612693381,0.006133874464207052,37.679500579833984,1.1091025855881116,5.436058446266038,0.5995884299278259
imdb_wiki,xgb_point,mondrian_dis,mid,1340.8,0.95335230646225,0.005533757266705213,33.98769989013672,0.6951431671478124,4.762948357186874,1.2670688867568969
imdb_wiki,xgb_point,weighted_dis,high,1295.0,0.9477981428363302,0.0029951651601799285,35.88777618408203,0.328096476356675,4.96261632415492,2.3857067584991456
imdb_wiki,xgb_point,weighted_dis,low,1286.2,0.942307118586038,0.0009612873838446089,35.887777709960936,0.3280963035834897,5.388270718628045,0.5995884299278259
imdb_wiki,xgb_point,weighted_dis,mid,1340.8,0.9606388743502086,0.0016704560027227685,35.88777618408203,0.328096476356675,4.830929246695976,1.2670688867568969
imdb_wiki,xgb_quantile,binned_weighted_dis,high,1295.0,0.9379493813733049,0.005655478110947598,42.38208541870117,1.192479303471181,7.2236378341694,2.3857067584991456
imdb_wiki,xgb_quantile,binned_weighted_dis,low,1286.2,0.953693535587421,0.005180332082030176,38.896147918701175,0.8136050583171808,6.065593039759305,0.5995884299278259
imdb_wiki,xgb_quantile,binned_weighted_dis,mid,1340.8,0.9634326853614237,0.002850921838370591,36.18329849243164,0.5487621044212605,5.644247179707785,1.2670688867568969
imdb_wiki,xgb_quantile,difficulty_weighted,high,1295.0,0.9417914590506953,0.0031979471047501075,50.69562683105469,2.3846632649506847,7.752179050137616,2.3857067584991456
imdb_wiki,xgb_quantile,difficulty_weighted,low,1286.2,0.9534890098465517,0.004848818574759354,43.87595062255859,1.45973473344979,6.410749174894721,0.5995884299278259
imdb_wiki,xgb_quantile,difficulty_weighted,mid,1340.8,0.958430434830271,0.004468235665911448,39.61824340820313,2.5735292173799538,5.904497362881927,1.2670688867568969
imdb_wiki,xgb_quantile,marginal,high,1295.0,0.9328056100697099,0.00282111244892109,41.52428436279297,0.6134045922683697,7.21766618949943,2.3857067584991456
imdb_wiki,xgb_quantile,marginal,low,1286.2,0.958927456404683,0.005337869197055028,39.60963134765625,0.5859492238642591,6.077549748578453,0.5995884299278259
imdb_wiki,xgb_quantile,marginal,mid,1340.8,0.9635824980955061,0.002710551996272645,36.205136108398435,0.5448358527152671,5.644601273191752,1.2670688867568969
imdb_wiki,xgb_quantile,mondrian_dis,high,1295.0,0.9539454318164706,0.003735237314744708,45.17615509033203,1.1191471342237178,7.254368214376477,2.3857067584991456
imdb_wiki,xgb_quantile,mondrian_dis,low,1286.2,0.9541124418836443,0.006025052102010909,38.91979446411133,0.6470591621472427,6.066501524059179,0.5995884299278259
imdb_wiki,xgb_quantile,mondrian_dis,mid,1340.8,0.9519257149567334,0.004694410009296323,34.45393676757813,0.5302748774112468,5.6224240062264945,1.2670688867568969
imdb_wiki,xgb_quantile,weighted_dis,high,1295.0,0.9408620615912865,0.004043760975356364,42.69685440063476,1.2655921468346165,7.207536152894834,2.3857067584991456
imdb_wiki,xgb_quantile,weighted_dis,low,1286.2,0.9525842174587555,0.003296501230637627,38.55950393676758,0.5250679000487938,6.060321223591799,0.5995884299278259
imdb_wiki,xgb_quantile,weighted_dis,mid,1340.8,0.9614849713615186,0.002234153287323913,35.760240173339845,0.41501919446050695,5.637966783899038,1.2670688867568969
mercari,sourcewise_quantile,binned_weighted_dis,high,3339.2,0.9389434058377658,0.001800816859200278,2.5853122234344483,0.046696433128765265,0.4166980284272775,1.8767653226852417
mercari,sourcewise_quantile,binned_weighted_dis,low,3318.4,0.9565056904988462,0.003252769535744851,2.391565132141113,0.03025101517676593,0.36465693957151535,0.24297174215316772
mercari,sourcewise_quantile,binned_weighted_dis,mid,3342.4,0.956511026443631,0.0029856759746877378,2.444334888458252,0.02263242056626342,0.3716085172778093,0.7931935310363769
mercari,sourcewise_quantile,difficulty_weighted,high,3339.2,0.9364852387207548,0.001616244493361838,2.7648444175720215,0.2663938397264197,0.4335013145104013,1.8767653226852417
mercari,sourcewise_quantile,difficulty_weighted,low,3318.4,0.959512806428252,0.001793507010421598,2.499974250793457,0.10029838733355545,0.3716840017223001,0.24297174215316772
mercari,sourcewise_quantile,difficulty_weighted,mid,3342.4,0.9554732143917546,0.002517378613875106,2.5010531902313233,0.09388012296272251,0.37624009529497426,0.7931935310363769
mercari,sourcewise_quantile,marginal,high,3339.2,0.9351003369310844,0.002183059498862056,2.535161828994751,0.014842182447456963,0.4159593829235927,1.8767653226852417
mercari,sourcewise_quantile,marginal,low,3318.4,0.9599936332138108,0.001398163114962326,2.4322378158569338,0.017411998887951922,0.36551650721201057,0.24297174215316772
mercari,sourcewise_quantile,marginal,mid,3342.4,0.957232694894999,0.002471815088178637,2.4511321544647218,0.018167705069735023,0.3717520861000617,0.7931935310363769
mercari,sourcewise_quantile,mondrian_dis,high,3339.2,0.945686622976172,0.004686709641709093,2.674295520782471,0.05049661614537527,0.41824792731541527,1.8767653226852417
mercari,sourcewise_quantile,mondrian_dis,low,3318.4,0.9550983689918224,0.004978935939581937,2.3801520347595213,0.055221498116837305,0.3644498567544247,0.24297174215316772
mercari,sourcewise_quantile,mondrian_dis,mid,3342.4,0.950286253953766,0.004221952025038771,2.3745112895965574,0.02789124993305107,0.3702610325936221,0.7931935310363769
mercari,sourcewise_quantile,weighted_dis,high,3339.2,0.9402512303718085,0.003969607164027138,2.5914730548858644,0.06770659559600309,0.41648455161396036,1.8767653226852417
mercari,sourcewise_quantile,weighted_dis,low,3318.4,0.9568492950032612,0.0025729877440291483,2.3877211093902586,0.021043723934346975,0.36457796649016594,0.24297174215316772
mercari,sourcewise_quantile,weighted_dis,mid,3342.4,0.955794102592237,0.0020884359215770382,2.4334405422210694,0.014972171361330161,0.37137204724720546,0.7931935310363769
mercari,sourcewise_stack,binned_weighted_dis,high,3339.2,0.9377224251509132,0.005864318391320318,2.3940829277038573,0.07324794609988931,0.35994298531181174,1.8767653226852417
mercari,sourcewise_stack,binned_weighted_dis,low,3318.4,0.9529957440899672,0.0055014297859493685,2.260690450668335,0.05491755780687154,0.32424290100531045,0.24297174215316772
mercari,sourcewise_stack,binned_weighted_dis,mid,3342.4,0.9576437504270944,0.0015814166156835493,2.3257976531982423,0.021388864468497748,0.32968314905387325,0.7931935310363769
mercari,sourcewise_stack,difficulty_weighted,high,3339.2,0.9400539216664526,0.0035233806024291387,2.4124460220336914,0.03694571424233377,0.35845824708459756,1.8767653226852417
mercari,sourcewise_stack,difficulty_weighted,low,3318.4,0.954504209934712,0.0014290022751684518,2.3216716766357424,0.042000563581697646,0.3262589362900431,0.24297174215316772
mercari,sourcewise_stack,difficulty_weighted,mid,3342.4,0.9538555237609652,0.0016543958647030114,2.3385030746459963,0.03649462972553354,0.32953197855593996,0.7931935310363769
mercari,sourcewise_stack,marginal,high,3339.2,0.9322784578372791,0.001421462268509094,2.327524423599243,0.019975765965909116,0.3581464681846954,1.8767653226852417
mercari,sourcewise_stack,marginal,low,3318.4,0.9581245579371451,0.0017016320455151004,2.3275243759155275,0.019975726966235972,0.32632654080511336,0.24297174215316772
mercari,sourcewise_stack,marginal,mid,3342.4,0.9577038646441067,0.0015716639828526194,2.3275243759155275,0.01997557957372352,0.32973743904465,0.7931935310363769
mercari,sourcewise_stack,mondrian_dis,high,3339.2,0.9469451372530466,0.003038604606343374,2.541540098190308,0.07225743924756389,0.3642523028472024,1.8767653226852417
mercari,sourcewise_stack,mondrian_dis,low,3318.4,0.9498486783651126,0.004788013221057048,2.2246909618377684,0.04111415886846544,0.32312082433654055,0.24297174215316772
mercari,sourcewise_stack,mondrian_dis,mid,3342.4,0.9495738604077696,0.00521838001777706,2.2322390556335447,0.06361851383853152,0.3268898828957296,0.7931935310363769
mercari,sourcewise_stack,weighted_dis,high,3339.2,0.9440303252814302,0.01272552233454422,2.483940839767456,0.17854704818861813,0.3622821013935272,1.8767653226852417
mercari,sourcewise_stack,weighted_dis,low,3318.4,0.9512006905117438,0.0073144098363970836,2.2366575717926027,0.0779118586441111,0.32357792071026364,0.24297174215316772
mercari,sourcewise_stack,weighted_dis,mid,3342.4,0.9542394870704524,0.004768245872309661,2.278141736984253,0.039238528132208655,0.3281243562590056,0.7931935310363769
mercari,xgb_point,binned_weighted_dis,high,3339.2,0.9352131210402346,0.006675374089761182,2.400452136993408,0.06010833307051618,0.3643003271866719,1.8767653226852417
mercari,xgb_point,binned_weighted_dis,low,3318.4,0.9581839388390844,0.004275361451098673,2.2674559116363526,0.07496970644024072,0.32363764903133907,0.24297174215316772
mercari,xgb_point,binned_weighted_dis,mid,3342.4,0.9571015075918388,0.0037260014525918855,2.332369804382324,0.030916360785434076,0.33139230633251526,0.7931935310363769
mercari,xgb_point,difficulty_weighted,high,3339.2,0.9389580232860798,0.0041528303391783206,2.4337305068969726,0.031326252672498334,0.36304232508837525,1.8767653226852417
mercari,xgb_point,difficulty_weighted,low,3318.4,0.9573770947219724,0.004572343497857921,2.337906265258789,0.023142116592605975,0.32573122402441823,0.24297174215316772
mercari,xgb_point,difficulty_weighted,mid,3342.4,0.9568114149855388,0.001332618454429292,2.362700843811035,0.03655582308460157,0.3314090073406021,0.7931935310363769
mercari,xgb_point,marginal,high,3339.2,0.9295748810694878,0.0041435042246757295,2.3317449569702147,0.025999227357657615,0.3626056562460522,1.8767653226852417
mercari,xgb_point,marginal,low,3318.4,0.962151273968215,0.0011873793680716531,2.331744909286499,0.025999213147797788,0.32565011479181216,0.24297174215316772
mercari,xgb_point,marginal,mid,3342.4,0.957284973335916,0.0033999929132204425,2.331744909286499,0.025999193199518978,0.3313750666444145,0.7931935310363769
mercari,xgb_point,mondrian_dis,high,3339.2,0.9464856444976755,0.004361127084718205,2.5537845611572267,0.06692721768196475,0.3686399244101267,1.8767653226852417
mercari,xgb_point,mondrian_dis,low,3318.4,0.9550760086035293,0.004738974121878071,2.2314972400665285,0.047695546077838984,0.3225185776368206,0.24297174215316772
mercari,xgb_point,mondrian_dis,mid,3342.4,0.9504484518817862,0.002422900353523645,2.2469303607940674,0.033056932962303984,0.32883459342406185,0.7931935310363769
mercari,xgb_point,weighted_dis,high,3339.2,0.9399188157023415,0.010850593634460405,2.4500537395477293,0.10139446113262814,0.3648743190199081,1.8767653226852417
mercari,xgb_point,weighted_dis,low,3318.4,0.957048037643067,0.005141994517858748,2.2558884620666504,0.08283222007171101,0.32328871089843086,0.24297174215316772
mercari,xgb_point,weighted_dis,mid,3342.4,0.9535816446953049,0.005114871804820734,2.287402057647705,0.056215702330236594,0.3300330809965934,0.7931935310363769
mercari,xgb_quantile,binned_weighted_dis,high,3339.2,0.9345821188029643,0.002630420788054136,2.596141242980957,0.023867844910468203,0.4295281786804228,1.8767653226852417
mercari,xgb_quantile,binned_weighted_dis,low,3318.4,0.9569926186462592,0.002425083536107517,2.4534640312194824,0.019953682305017848,0.37264490031172615,0.24297174215316772
mercari,xgb_quantile,binned_weighted_dis,mid,3342.4,0.9570384375030692,0.004263567683184271,2.48514838218689,0.018245278039045285,0.38066210183675225,0.7931935310363769
mercari,xgb_quantile,difficulty_weighted,high,3339.2,0.9377600241299497,0.001705573295031676,3.426155138015747,1.2100877766718596,0.4913705930621409,1.8767653226852417
mercari,xgb_quantile,difficulty_weighted,low,3318.4,0.9571646364507552,0.0024330622742779412,2.6035182952880858,0.10508782827040651,0.3829374024898516,0.24297174215316772
mercari,xgb_quantile,difficulty_weighted,mid,3342.4,0.9564992190633961,0.0031936203976156907,2.7787944793701174,0.33980274426545787,0.4028934652044806,0.7931935310363769
mercari,xgb_quantile,marginal,high,3339.2,0.933024272180182,0.0021241172895347855,2.5858643531799315,0.017066245236351262,0.4294149484644185,1.8767653226852417
mercari,xgb_quantile,marginal,low,3318.4,0.9584910542550311,0.0022230249382610406,2.467057466506958,0.02039180621712815,0.37292194375629334,0.24297174215316772
mercari,xgb_quantile,marginal,mid,3342.4,0.9572195072689172,0.004355817486545177,2.487286901473999,0.01869617301572538,0.38070452956830525,0.7931935310363769
mercari,xgb_quantile,mondrian_dis,high,3339.2,0.9440438108576522,0.0037926676794532857,2.7077184200286863,0.03934747146920421,0.43101220566189474,1.8767653226852417
mercari,xgb_quantile,mondrian_dis,low,3318.4,0.9537139099006436,0.005281267309108906,2.4270463466644285,0.03879634090668534,0.3721423503559283,0.24297174215316772
mercari,xgb_quantile,mondrian_dis,mid,3342.4,0.9511964539159464,0.0056743186064168345,2.437167501449585,0.02009734116976937,0.37980147917940305,0.7931935310363769
mercari,xgb_quantile,weighted_dis,high,3339.2,0.9398986937135225,0.005447533810336621,2.644618606567383,0.04839496616839546,0.4296088974664767,1.8767653226852417
mercari,xgb_quantile,weighted_dis,low,3318.4,0.9544884850972801,0.004798629620526575,2.4307579040527343,0.040599131308548045,0.37221014813306785,0.24297174215316772
mercari,xgb_quantile,weighted_dis,mid,3342.4,0.9550874527835489,0.005504288268956142,2.470418167114258,0.023810649861008355,0.3803843670079026,0.7931935310363769
pawpularity,sourcewise_quantile,binned_weighted_dis,high,695.2,0.9578029402179178,0.005442573427148307,90.40050354003907,0.8850953306632108,14.907270585559562,2.118622350692749
pawpularity,sourcewise_quantile,binned_weighted_dis,low,645.2,0.9513016228509341,0.008734904999676508,83.63001251220703,6.180490974695566,13.176987348793105,0.3074746012687683
pawpularity,sourcewise_quantile,binned_weighted_dis,mid,642.6,0.9556320902933446,0.013952410447027568,85.30939178466797,4.7228958161060275,13.453490046597064,0.9282015442848206
pawpularity,sourcewise_quantile,difficulty_weighted,high,695.2,0.9486932172292853,0.010223264782801925,707.221174621582,848.5933393582493,66.10945245330913,2.118622350692749
pawpularity,sourcewise_quantile,difficulty_weighted,low,645.2,0.9550414167856154,0.006582904501707336,115.36148986816406,51.83190367853181,15.649572115651853,0.3074746012687683
pawpularity,sourcewise_quantile,difficulty_weighted,mid,642.6,0.9579032262557915,0.010594680252934049,126.88527984619141,60.17013315034754,16.86762983971741,0.9282015442848206
pawpularity,sourcewise_quantile,marginal,high,695.2,0.9457405887482494,0.012593865324414954,88.31855773925781,2.1311938145439155,14.883662910338927,2.118622350692749
pawpularity,sourcewise_quantile,marginal,low,645.2,0.9597143366923028,0.006024192468766972,87.53575744628907,2.6637992241088413,13.258342863282596,0.3074746012687683
pawpularity,sourcewise_quantile,marginal,mid,642.6,0.9603023945800369,0.010061983614854862,87.4793197631836,2.946953614422759,13.498386998084722,0.9282015442848206
pawpularity,sourcewise_quantile,mondrian_dis,high,695.2,0.9601626815744927,0.004935768590509655,90.95521545410156,1.066117148481005,14.899565348476305,2.118622350692749
pawpularity,sourcewise_quantile,mondrian_dis,low,645.2,0.9440102668711875,0.020815819769890487,82.94807434082031,5.325525015250891,13.208514038447522,0.3074746012687683
pawpularity,sourcewise_quantile,mondrian_dis,mid,642.6,0.9464661942561113,0.019870586535078543,83.4288818359375,5.624670422401582,13.438965645720705,0.9282015442848206
pawpularity,sourcewise_quantile,weighted_dis,high,695.2,0.9528311968489005,0.006720119472578287,89.08672485351562,1.1246716561091665,14.865330402845682,2.118622350692749
pawpularity,sourcewise_quantile,weighted_dis,low,645.2,0.952868496878928,0.011937613828725642,84.48532409667969,5.4027073610533485,13.19654126650019,0.3074746012687683
pawpularity,sourcewise_quantile,weighted_dis,mid,642.6,0.9569811628059922,0.011471550376582335,85.6004852294922,4.510989335651724,13.458118143936144,0.9282015442848206
pawpularity,sourcewise_stack,binned_weighted_dis,high,695.2,0.9569253298846162,0.010296154444351245,88.09243469238281,5.6626541235946135,11.387234314600374,2.118622350692749
pawpularity,sourcewise_stack,binned_weighted_dis,low,645.2,0.9370038973454908,0.027131096090436374,70.59377517700196,8.640338042123707,10.130108847326674,0.3074746012687683
pawpularity,sourcewise_stack,binned_weighted_dis,mid,642.6,0.9551823956098773,0.008513558059380298,78.60081939697265,3.0593296792412676,9.91300289084261,0.9282015442848206
pawpularity,sourcewise_stack,difficulty_weighted,high,695.2,0.9572662757844199,0.00575920659960078,88.10937957763672,4.618002263817226,11.143866456819563,2.118622350692749
pawpularity,sourcewise_stack,difficulty_weighted,low,645.2,0.9470456588456413,0.010126329979232575,79.62575836181641,3.2454088704448534,10.596488404259555,0.3074746012687683
pawpularity,sourcewise_stack,difficulty_weighted,mid,642.6,0.952186324013045,0.006010059767074118,76.85816040039063,2.9329479371999394,9.843954558322574,0.9282015442848206
pawpularity,sourcewise_stack,marginal,high,695.2,0.9358338855115018,0.007060193175634741,79.0596939086914,2.420185533222821,11.030086019516348,2.118622350692749
pawpularity,sourcewise_stack,marginal,low,645.2,0.9593724087231419,0.006096605518488063,79.05970153808593,2.420185533222821,10.41198269443007,0.3074746012687683
pawpularity,sourcewise_stack,marginal,mid,642.6,0.955850390589078,0.008649537699112884,79.05970001220703,2.4201832545821524,9.933018913166245,0.9282015442848206
pawpularity,sourcewise_stack,mondrian_dis,high,695.2,0.9626527592587124,0.009474503842567508,91.41350555419922,3.282514089611133,11.521951295199562,2.118622350692749
pawpularity,sourcewise_stack,mondrian_dis,low,645.2,0.9476279749012312,0.009574399328197852,73.65391235351562,1.7533841567024733,10.205400755927826,0.3074746012687683
pawpularity,sourcewise_stack,mondrian_dis,mid,642.6,0.9414771014517754,0.017435020315279506,71.43509979248047,6.659907229816976,9.614130197624448,0.9282015442848206
pawpularity,sourcewise_stack,weighted_dis,high,695.2,0.9585328633834423,0.015927239039654133,91.0032974243164,10.261229254604023,11.380043867696564,2.118622350692749
pawpularity,sourcewise_stack,weighted_dis,low,645.2,0.9373621311998314,0.015828769251927846,70.40213394165039,4.785273062756031,10.100932668518045,0.3074746012687683
pawpularity,sourcewise_stack,weighted_dis,mid,642.6,0.9478755337302396,0.00920611116180943,74.17313690185547,4.07899580128643,9.722704735687385,0.9282015442848206
pawpularity,xgb_point,binned_weighted_dis,high,695.2,0.9657947757323472,0.01110419751829121,92.88325805664063,6.879423231932041,11.52984743539173,2.118622350692749
pawpularity,xgb_point,binned_weighted_dis,low,645.2,0.9264947495389999,0.03318176965918901,67.4424201965332,10.3532453648987,10.009833369016633,0.3074746012687683
pawpularity,xgb_point,binned_weighted_dis,mid,642.6,0.9594403975631334,0.007972269315281619,78.73407592773438,3.64892079224849,9.91050624385663,0.9282015442848206
pawpularity,xgb_point,difficulty_weighted,high,695.2,0.9586309872108345,0.009295024637748913,90.59168701171875,5.751686189457271,11.195412350060664,2.118622350692749
pawpularity,xgb_point,difficulty_weighted,low,645.2,0.9457867768983859,0.012823033799465536,81.68376159667969,4.409323982396379,10.645616907433956,0.3074746012687683
pawpularity,xgb_point,difficulty_weighted,mid,642.6,0.9539064774972132,0.0065389817075664014,78.38575134277343,4.259647915122967,9.913997203465144,0.9282015442848206
pawpularity,xgb_point,marginal,high,695.2,0.937381033817221,0.007875198452327828,79.59032440185547,2.4092063177030165,10.974927324764582,2.118622350692749
pawpularity,xgb_point,marginal,low,645.2,0.955964202801035,0.007207750542056223,79.59032592773437,2.40920144779272,10.401798814589636,0.3074746012687683
pawpularity,xgb_point,marginal,mid,642.6,0.9599399682969458,0.008956976937066735,79.59032745361328,2.409203966440595,9.949984875607408,0.9282015442848206
pawpularity,xgb_point,mondrian_dis,high,695.2,0.962263381680659,0.009803877599491745,90.84789581298828,4.552789432378825,11.431879827195392,2.118622350692749
pawpularity,xgb_point,mondrian_dis,low,645.2,0.9485588469136065,0.009583863385976854,74.91251983642579,2.835936845012817,10.222294333834181,0.3074746012687683
pawpularity,xgb_point,mondrian_dis,mid,642.6,0.943292883904352,0.012359994399971468,70.86717910766602,4.659737664999519,9.570928065790412,0.9282015442848206
pawpularity,xgb_point,weighted_dis,high,695.2,0.9561287725395895,0.009278279264567302,86.07844390869141,1.6875189743783388,11.07678444835478,2.118622350692749
pawpularity,xgb_point,weighted_dis,low,645.2,0.9401571350878563,0.013211366134603409,70.89954223632813,3.968005150045316,10.0763438849641,0.3074746012687683
pawpularity,xgb_point,weighted_dis,mid,642.6,0.9499323393476574,0.007678383609247374,73.48865051269532,3.3338902390577543,9.679958079320205,0.9282015442848206
pawpularity,xgb_quantile,binned_weighted_dis,high,695.2,0.9621729049794482,0.01770635112689244,91.09924011230468,4.739464950628935,14.983847299988946,2.118622350692749
pawpularity,xgb_quantile,binned_weighted_dis,low,645.2,0.9450985469320703,0.013814958359130514,82.01906280517578,9.341305089102471,13.375061389970568,0.3074746012687683
pawpularity,xgb_quantile,binned_weighted_dis,mid,642.6,0.9523557284720241,0.012688467837595481,83.99280700683593,6.762540554919588,13.612773023092643,0.9282015442848206
pawpularity,xgb_quantile,difficulty_weighted,high,695.2,0.9494513363519971,0.00580716019175125,1649.3529541015625,3336.4675750398246,144.7832106885967,2.118622350692749
pawpularity,xgb_quantile,difficulty_weighted,low,645.2,0.9491552148947452,0.012198867625242396,542.3653045654297,824.9008949483081,51.52487946453924,0.3074746012687683
pawpularity,xgb_quantile,difficulty_weighted,mid,642.6,0.955853951213461,0.005268592846377124,186.97885437011718,147.55064755410262,22.111190750170774,0.9282015442848206
pawpularity,xgb_quantile,marginal,high,695.2,0.9455430407260543,0.009782449805787663,86.14762573242187,3.486990942313251,14.859680649083339,2.118622350692749
pawpularity,xgb_quantile,marginal,low,645.2,0.9550737607734389,0.007782483330975865,86.08292083740234,3.79748960011728,13.47719178838879,0.3074746012687683
pawpularity,xgb_quantile,marginal,mid,642.6,0.9570381260149983,0.010805637497867547,85.44309844970704,4.732020239066393,13.653392517867653,0.9282015442848206
pawpularity,xgb_quantile,mondrian_dis,high,695.2,0.9599314372124665,0.005960121655828029,89.97745819091797,3.068886526025882,14.87302070698459,2.118622350692749
pawpularity,xgb_quantile,mondrian_dis,low,645.2,0.9497860469320702,0.01182338324742761,85.16558074951172,4.423540069346937,13.45922482502954,0.3074746012687683
pawpularity,xgb_quantile,mondrian_dis,mid,642.6,0.9493931056973244,0.015706312252349735,84.31878814697265,8.274828509190192,13.613207564704293,0.9282015442848206
pawpularity,xgb_quantile,weighted_dis,high,695.2,0.9614778823550137,0.015071507711252409,90.26570739746094,3.932930952665544,14.922042463531952,2.118622350692749
pawpularity,xgb_quantile,weighted_dis,low,645.2,0.9444750049414015,0.01450554890006306,81.81793670654297,9.64108808801456,13.370289844523807,0.3074746012687683
pawpularity,xgb_quantile,weighted_dis,mid,642.6,0.9543793372409954,0.008527894661704725,84.00843963623046,6.756062318270186,13.614175397821779,0.9282015442848206
sred,sourcewise_quantile,binned_weighted_dis,high,340.6,0.883819698633007,0.014309043083065891,0.8739509582519531,0.03252781644332086,0.15083753845417014,2.245876169204712
sred,sourcewise_quantile,binned_weighted_dis,low,392.4,0.97349608465397,0.0028359078699309722,0.7089053153991699,0.008155562722864626,0.09061185640981476,0.5291794657707214
sred,sourcewise_quantile,binned_weighted_dis,mid,376.0,0.9542704491614524,0.0037386816334461434,0.7533153295516968,0.008856285799981989,0.10438367263260104,1.1494245290756226
sred,sourcewise_quantile,difficulty_weighted,high,340.6,0.8884406829352548,0.016197050595469043,1.4325813055038452,0.7871343458981728,0.1937959402535375,2.245876169204712
sred,sourcewise_quantile,difficulty_weighted,low,392.4,0.9780985275509562,0.003229956103326615,0.7197203636169434,0.016504078365575985,0.0909630629242828,0.5291794657707214
sred,sourcewise_quantile,difficulty_weighted,mid,376.0,0.9478582126570464,0.01138226914919445,0.751827073097229,0.023693920136032123,0.10501360041119823,1.1494245290756226
sred,sourcewise_quantile,marginal,high,340.6,0.869963240193863,0.011844452189863252,0.8280032992362976,0.01456041173245218,0.1503658513500113,2.245876169204712
sred,sourcewise_quantile,marginal,low,392.4,0.9796211452803094,0.001641073409570968,0.7685404300689698,0.014642241174518044,0.09328804316543905,0.5291794657707214
sred,sourcewise_quantile,marginal,mid,376.0,0.9569416197290256,0.004952933638824062,0.7815387845039368,0.009805814849435213,0.10538451303149698,1.1494245290756226
sred,sourcewise_quantile,mondrian_dis,high,340.6,0.9335286963989698,0.014135592406298395,1.035658073425293,0.028794844107361245,0.15384968744316768,2.245876169204712
sred,sourcewise_quantile,mondrian_dis,low,392.4,0.956704040263026,0.010331248574941148,0.6145699262619019,0.03671212743079058,0.08718773359151823,0.5291794657707214
sred,sourcewise_quantile,mondrian_dis,mid,376.0,0.9301291788130783,0.010073396785876225,0.6700727701187134,0.03708846348843591,0.1019948503029315,1.1494245290756226
sred,sourcewise_quantile,weighted_dis,high,340.6,0.8851092979443145,0.015753489187344774,0.8508720993995667,0.02513104423194684,0.14958379403673985,2.245876169204712
sred,sourcewise_quantile,weighted_dis,low,392.4,0.9745087688439188,0.0031090382910581187,0.7103125333786011,0.007846319747062928,0.09066207763185019,0.5291794657707214
sred,sourcewise_quantile,weighted_dis,mid,376.0,0.9536876813894105,0.0032554527514896936,0.7526259660720825,0.009101908744106197,0.10432259857172624,1.1494245290756226
sred,sourcewise_stack,binned_weighted_dis,high,340.6,0.9140794186566852,0.01429645221904019,0.5197265863418579,0.015667576118372842,0.08471774700512842,2.245876169204712
sred,sourcewise_stack,binned_weighted_dis,low,392.4,0.9526596203930957,0.006151084250829635,0.43806532621383665,0.026184344664097997,0.06161031186695085,0.5291794657707214
sred,sourcewise_stack,binned_weighted_dis,mid,376.0,0.944118738959725,0.009942043320542902,0.47691670060157776,0.015015678924674808,0.06903252390382034,1.1494245290756226
sred,sourcewise_stack,difficulty_weighted,high,340.6,0.9116066878125345,0.008189789324827137,0.5532454013824463,0.012846798477507684,0.08563488040531561,2.245876169204712
sred,sourcewise_stack,difficulty_weighted,low,392.4,0.9465575472782364,0.009596796269310464,0.4911115527153015,0.023956023177667193,0.06446079954606217,0.5291794657707214
sred,sourcewise_stack,difficulty_weighted,mid,376.0,0.9352247052394727,0.015954857704791103,0.49966667890548705,0.018859128330570164,0.0706430289961531,1.1494245290756226
sred,sourcewise_stack,marginal,high,340.6,0.8982154078835487,0.006309125121681093,0.4901870906352997,0.007721967786045875,0.08433849074298991,2.245876169204712
sred,sourcewise_stack,marginal,low,392.4,0.9678682443000535,0.005346923076807638,0.49018706679344176,0.00772195342012946,0.06357057612544041,0.5291794657707214
sred,sourcewise_stack,marginal,mid,376.0,0.950065700180474,0.005470509748951821,0.4901870906352997,0.007721967786045875,0.06943481387443833,1.1494245290756226
sred,sourcewise_stack,mondrian_dis,high,340.6,0.9430962276816561,0.006163108339263829,0.5891149640083313,0.021566636423170808,0.0862055574536772,2.245876169204712
sred,sourcewise_stack,mondrian_dis,low,392.4,0.9413473580664483,0.0070050329834439795,0.4135936737060547,0.017602520965878783,0.06081428961183588,0.5291794657707214
sred,sourcewise_stack,mondrian_dis,mid,376.0,0.9314700993160869,0.018792826592218852,0.45099525451660155,0.020733533200155002,0.0683114128562595,1.1494245290756226
sred,sourcewise_stack,weighted_dis,high,340.6,0.9224762741764687,0.017510096710977995,0.5407828092575073,0.027275868342191482,0.08483633133531729,2.245876169204712
sred,sourcewise_stack,weighted_dis,low,392.4,0.9450524438253096,0.017385789577855876,0.4208694279193878,0.03376705363331632,0.06112464844715647,0.5291794657707214
sred,sourcewise_stack,weighted_dis,mid,376.0,0.9365608312610387,0.012579378524516103,0.4488539159297943,0.018393294966356787,0.068205883152657,1.1494245290756226
sred,xgb_point,binned_weighted_dis,high,340.6,0.9242970739362558,0.013857645466578162,0.5996087908744812,0.02530612242200048,0.09163817419634661,2.245876169204712
sred,xgb_point,binned_weighted_dis,low,392.4,0.9482763612017251,0.01589299948934969,0.4463085174560547,0.02733239098954982,0.06307191246385227,0.5291794657707214
sred,xgb_point,binned_weighted_dis,mid,376.0,0.9555160321026704,0.008719386060387614,0.5167972683906555,0.009011629578399412,0.0718338513679303,1.1494245290756226
sred,xgb_point,difficulty_weighted,high,340.6,0.8997835583253991,0.012456447842754476,0.5986938834190368,0.03030678725648318,0.09259779383325237,2.245876169204712
sred,xgb_point,difficulty_weighted,low,392.4,0.9652373447196719,0.009566031287864771,0.5343867361545562,0.021134470445288406,0.06704282383712461,0.5291794657707214
sred,xgb_point,difficulty_weighted,mid,376.0,0.9443147696006537,0.011296864257788523,0.5521210074424744,0.024895439975708637,0.07411094616524233,1.1494245290756226
sred,xgb_point,marginal,high,340.6,0.8994576613253887,0.007794755710393894,0.5295066714286805,0.006055867735278529,0.08999588279752092,2.245876169204712
sred,xgb_point,marginal,low,392.4,0.9765123692220928,0.007747029524488658,0.5295066833496094,0.006055862772104511,0.06639497614929155,0.5291794657707214
sred,xgb_point,marginal,mid,376.0,0.9614158112148552,0.008169206085000104,0.5295066833496094,0.006055862772104511,0.07227341964506308,1.1494245290756226
sred,xgb_point,mondrian_dis,high,340.6,0.9409813306013115,0.015277484910536272,0.6811078906059265,0.04548070695127312,0.09431130741408746,2.245876169204712
sred,xgb_point,mondrian_dis,low,392.4,0.9486297946084307,0.007699664003453628,0.4406217634677887,0.02898084059128455,0.06285953436262563,0.5291794657707214
sred,xgb_point,mondrian_dis,mid,376.0,0.9394967167084838,0.014803343050734897,0.47345160841941836,0.024652544642995877,0.0705121005179014,1.1494245290756226
sred,xgb_point,weighted_dis,high,340.6,0.9387144879166298,0.010260202899858286,0.6368789672851562,0.039163959239657556,0.09216601356901918,2.245876169204712
sred,xgb_point,weighted_dis,low,392.4,0.9463540203899561,0.014091241237095492,0.43831071853637693,0.015599725606463844,0.06276900050347768,0.5291794657707214
sred,xgb_point,weighted_dis,mid,376.0,0.945839770968465,0.011841649571513603,0.4866770565509796,0.014332227951660734,0.07082579988638409,1.1494245290756226
sred,xgb_quantile,binned_weighted_dis,high,340.6,0.903095462322484,0.006053850269414864,0.9609152436256408,0.046259302928947005,0.1603662763389718,2.245876169204712
sred,xgb_quantile,binned_weighted_dis,low,392.4,0.9659009714717415,0.008827441676508915,0.6827632546424866,0.056596013979862116,0.09184955635857942,0.5291794657707214
sred,xgb_quantile,binned_weighted_dis,mid,376.0,0.9496026320380965,0.014722305553461518,0.7546492576599121,0.026386330068055727,0.10696709752506732,1.1494245290756226
sred,xgb_quantile,difficulty_weighted,high,340.6,0.9099744768894066,0.013640043511880771,1.7376851320266724,0.5027737579128333,0.21737334991646992,2.245876169204712
sred,xgb_quantile,difficulty_weighted,low,392.4,0.9735093585768819,0.008446058419354075,0.9334871053695679,0.13386168045271823,0.10964564983726419,0.5291794657707214
sred,xgb_quantile,difficulty_weighted,mid,376.0,0.9428200396534059,0.015275704607218742,1.1222554445266724,0.29420835730235684,0.1363912089704942,1.1494245290756226
sred,xgb_quantile,marginal,high,340.6,0.8808616404441839,0.015088810781822334,0.8848739385604858,0.011597999888274466,0.15939354225783559,2.245876169204712
sred,xgb_quantile,marginal,low,392.4,0.9806075459097018,0.003962652202775103,0.7840657711029053,0.010317953703782775,0.09597192836549404,0.5291794657707214
sred,xgb_quantile,marginal,mid,376.0,0.9626013223874965,0.007607156063886973,0.802560830116272,0.01281217445998395,0.10860567337313895,1.1494245290756226
sred,xgb_quantile,mondrian_dis,high,340.6,0.9301425846222644,0.006503726767909452,1.064349317550659,0.031488232122613945,0.16250448083384533,2.245876169204712
sred,xgb_quantile,mondrian_dis,low,392.4,0.9563269762390014,0.014479963395101787,0.636608076095581,0.061836483708910504,0.09034272998669772,0.5291794657707214
sred,xgb_quantile,mondrian_dis,mid,376.0,0.9293843747343853,0.013356213294539567,0.6856922149658203,0.043550098438137876,0.10504118955369901,1.1494245290756226
sred,xgb_quantile,weighted_dis,high,340.6,0.909791034146296,0.009697437108353607,0.9480083823204041,0.04094384978892307,0.1583552945073818,2.245876169204712
sred,xgb_quantile,weighted_dis,low,392.4,0.9648035053064155,0.005057056805020054,0.6698639512062072,0.016219712118378866,0.0912131600201399,0.5291794657707214
sred,xgb_quantile,weighted_dis,mid,376.0,0.9474871275134692,0.010635132036736888,0.7506260991096496,0.01921171960267284,0.10673887943823397,1.1494245290756226
