dataset,base,calibration,r2_mean,rmse_mean,mae_mean,picp_mean,mpiw_mean,niw_mean,nciw_mean,c_test_cal_mean,crps_mean,n_seeds,r2_std,rmse_std,mae_std,picp_std,mpiw_std,niw_std,nciw_std,c_test_cal_std,crps_std,delta_mpiw_vs_marginal_mean,delta_mpiw_vs_marginal_std,delta_nciw_vs_marginal_mean,delta_nciw_vs_marginal_std,delta_crps_vs_marginal_mean,delta_crps_vs_marginal_std,delta_picp_vs_marginal_mean,delta_picp_vs_marginal_std
imdb_wiki,sourcewise_quantile,binned_weighted_dis,0.49292510747909546,11.656788570978971,8.886857604980468,0.9516063233044365,46.672856140136716,0.5185872904459636,0.5147333569417707,0.9927237391471863,8.088074203350976,5,0.003906545843103425,0.04491082160081511,0.02845273083056156,0.004822273972602996,0.5272109186580635,0.005857899096200732,0.003821136781716767,0.017744039158678063,0.016892479460032528,-0.2082550048828125,0.14079600689579383,-0.0015744691673697186,0.0032991638001605246,-0.014741547637886755,0.007168606529932694,-0.0007139214686384454,0.0017046929781179515
imdb_wiki,sourcewise_quantile,difficulty_weighted,0.49292510747909546,11.656788570978971,8.886857604980468,0.952524222335543,55.79118118286133,0.6199020131429036,0.6134374765841353,0.9909197330474854,8.782124434515811,5,0.003906545843103425,0.04491082160081511,0.02845273083056156,0.003931035823245112,11.738380689509453,0.1304264521056605,0.12297639564651565,0.012816497270191301,0.9491683294854772,8.910070037841797,11.383962561799882,0.09712965047499489,0.12538066701246434,0.6793086835269466,0.9482567678089674,0.00020397756246814946,0.0024680968975685715
imdb_wiki,sourcewise_quantile,marginal,0.49292510747909546,11.656788570978971,8.886857604980468,0.952320244773075,46.88111114501953,0.5209012349446616,0.5163078261091404,0.9912826776504516,8.102815750988864,5,0.003906545843103425,0.04491082160081511,0.02845273083056156,0.0036283145004481743,0.43877421843048836,0.004875269093672145,0.0025052251832660224,0.013636251135037924,0.01639745144818808,,,,,,,,
imdb_wiki,sourcewise_quantile,mondrian_dis,0.49292510747909546,11.656788570978971,8.886857604980468,0.9526262111167771,47.16389389038086,0.5240432654486762,0.5186077707905866,0.9897389054298401,8.069009813807138,5,0.003906545843103425,0.04491082160081511,0.02845273083056156,0.0037792658149639487,0.3939698918808627,0.004377443243120692,0.007831993335028351,0.020679314075383502,0.01701383778076749,0.28278274536132814,0.2460039333791675,0.002299944681446209,0.006515690451619891,-0.03380593718172449,0.0009937408799965183,0.0003059663437021909,0.002658319534722772
imdb_wiki,sourcewise_quantile,weighted_dis,0.49292510747909546,11.656788570978971,8.886857604980468,0.9519632840387559,46.53812789916992,0.5170903099907769,0.5132151758145856,0.992628276348114,8.083476641109678,5,0.003906545843103425,0.04491082160081511,0.02845273083056156,0.004609283646497427,0.4178798769805255,0.0046431097442280935,0.004826944798556524,0.01761932042636427,0.01788965806772441,-0.3429832458496094,0.11222500821913226,-0.003092650294554744,0.0035917008653273863,-0.019339109879184947,0.005153141892877048,-0.0003569607343192338,0.002659542031699172
imdb_wiki,sourcewise_stack,binned_weighted_dis,0.7093631386756897,8.825051196423933,6.643559741973877,0.9519122896481388,36.22516555786133,0.4025018395317925,0.3988868223997118,0.9911482453346252,5.086653699795723,5,0.0026238559165505334,0.0398935982357089,0.011070391461959688,0.0028081662217763256,0.4811971053936786,0.005346634504374198,0.0030543775329374295,0.014400379521344698,0.02678602471067805,0.0,0.0,0.0,0.0,0.0,0.0,0.0,0.0
imdb_wiki,sourcewise_stack,difficulty_weighted,0.7093631386756897,8.825051196423933,6.643559741973877,0.9479347271800102,34.42026977539062,0.3824474419487847,0.3875934660616601,1.0136662721633911,4.95372838187253,5,0.0026238559165505334,0.0398935982357089,0.011070391461959688,0.0030723855851895973,0.48770906742559883,0.0054189896380621985,0.0031391301828538917,0.019931121983951458,0.02528412161843384,-1.804895782470703,0.656344081236856,-0.011293356338051619,0.00305072786917904,-0.13292531792319248,0.02276089954273428,-0.003977562468128526,0.0029216270291955795
imdb_wiki,sourcewise_stack,marginal,0.7093631386756897,8.825051196423933,6.643559741973877,0.9519122896481388,36.22516555786133,0.4025018395317925,0.3988868223997118,0.9911482453346252,5.086653699795723,5,0.0026238559165505334,0.0398935982357089,0.011070391461959688,0.0028081662217763256,0.4811971053936786,0.005346634504374198,0.0030543775329374295,0.014400379521344698,0.02678602471067805,,,,,,,,
imdb_wiki,sourcewise_stack,mondrian_dis,0.7093631386756897,8.825051196423933,6.643559741973877,0.9527281998980112,36.22059783935547,0.40245108710394967,0.39476944047698853,0.9811388254165649,5.081695733445331,5,0.0026238559165505334,0.0398935982357089,0.011070391461959688,0.002495601081742407,0.6060422947724062,0.0067338032752489565,0.0004929555195844277,0.016926248385154396,0.028734931680887057,-0.004567718505859375,0.1640476708916157,-0.004117381922723218,0.0028728379403410685,-0.004957966350391451,0.007847411144409915,0.0008159102498725091,0.0018155005730666552
imdb_wiki,sourcewise_stack,weighted_dis,0.7093631386756897,8.825051196423933,6.643559741973877,0.9520142784293728,36.41899871826172,0.4046555413140191,0.40080370501375046,0.9906349897384643,5.096408624402525,5,0.0026238559165505334,0.0398935982357089,0.011070391461959688,0.0028358108543394865,0.5374089229699022,0.005971210255221136,0.0027104469666361258,0.014593322963494502,0.033437379481707954,0.19383316040039061,0.4334241229488938,0.0019168826140387285,0.0042862798298780895,0.009754924606802185,0.021812674536195092,0.00010198878123406363,0.00022805384778172116
imdb_wiki,xgb_point,binned_weighted_dis,0.7130278587341309,8.769279807676517,6.639156723022461,0.9503824579296276,35.887777709960936,0.39875308566623263,0.3968440775232628,0.9952755331993103,5.057300017329317,5,0.0016264271601954955,0.024826101464330032,0.020987734872180783,0.001162851019988921,0.3280984748232481,0.0036455386091472177,0.0022134092072762573,0.010222364653798742,0.021320323735971654,0.0,0.0,0.0,0.0,0.0,0.0,0.0,0.0
imdb_wiki,xgb_point,difficulty_weighted,0.7130278587341309,8.769279807676517,6.639156723022461,0.952320244773075,34.68200149536133,0.38535557217068145,0.3809931446945509,0.9888558387756348,4.9415967359428965,5,0.0016264271601954955,0.024826101464330032,0.020987734872180783,0.003343925815554331,0.584957191516438,0.0064995243501826455,0.003039673015122012,0.014778063470993153,0.027583101917505546,-1.2057762145996094,0.6315856239164089,-0.01585093282871185,0.0026547611923644398,-0.11570328138642125,0.02584113069081171,0.0019377868434472313,0.003635474476825653
imdb_wiki,xgb_point,marginal,0.7130278587341309,8.769279807676517,6.639156723022461,0.9503824579296276,35.887777709960936,0.39875308566623263,0.3968440775232628,0.9952755331993103,5.057300017329317,5,0.0016264271601954955,0.024826101464330032,0.020987734872180783,0.001162851019988921,0.3280984748232481,0.0036455386091472177,0.0022134092072762573,0.010222364653798742,0.021320323735971654,,,,,,,,
imdb_wiki,xgb_point,mondrian_dis,0.7130278587341309,8.769279807676517,6.639156723022461,0.9510453850076491,35.915924835205075,0.39906583150227865,0.3955655749939645,0.9913350939750671,5.053076995661388,5,0.0016264271601954955,0.024826101464330032,0.020987734872180783,0.0020157302780267434,0.3506120346195593,0.00389568927355061,0.0038080514343716877,0.01617155494130614,0.022362183633095715,0.028147125244140626,0.07779214968112169,-0.001278502529298231,0.0022893217672972353,-0.004223021667929139,0.004315833655536825,0.0006629270780214247,0.0013801497810019413
imdb_wiki,xgb_point,weighted_dis,0.7130278587341309,8.769279807676517,6.639156723022461,0.9503824579296276,35.887777709960936,0.39875308566623263,0.3968440775232628,0.9952755331993103,5.057300017329317,5,0.0016264271601954955,0.024826101464330032,0.020987734872180783,0.001162851019988921,0.3280984748232481,0.0036455386091472177,0.0022134092072762573,0.010222364653798742,0.021320323735971654,0.0,0.0,0.0,0.0,0.0,0.0,0.0,0.0
imdb_wiki,xgb_quantile,binned_weighted_dis,0.6784163355827332,9.28307172087128,6.937960243225097,0.9518103008669045,39.1165283203125,0.4346280924479166,0.42898620008831684,0.9872095227241516,6.303486801917069,5,0.001323995422285169,0.019105320239116017,0.021722620909688937,0.0023507252568313996,0.5924861917821356,0.0065831799086904,0.004219009371497069,0.018542964428034527,0.018344210200731088,0.0377960205078125,0.09735680962352408,-0.0001687819972150839,0.0014752293086205649,-0.00212080484689956,0.0012342960100113723,-0.00010198878123410804,0.0009471787670069597
imdb_wiki,xgb_quantile,difficulty_weighted,0.6784163355827332,9.28307172087128,6.937960243225097,0.9513003569607343,44.679186248779295,0.4964354027642144,0.49129958031959486,0.9898589611053467,6.680895921957801,5,0.001323995422285169,0.019105320239116017,0.021722620909688937,0.0024188763336321314,1.4162389546547376,0.01573598838505266,0.012161232847117849,0.01113585964998847,0.09987271740376599,5.600453948974609,0.9538296540650449,0.06214459823406289,0.01343781764064833,0.3752883151938324,0.08765921081721956,-0.0006119326874044039,0.001567611029978469
imdb_wiki,xgb_quantile,marginal,0.6784163355827332,9.28307172087128,6.937960243225097,0.9519122896481388,39.078732299804685,0.43420813666449654,0.42915498208553193,0.9885495662689209,6.305607606763969,5,0.001323995422285169,0.019105320239116017,0.021722620909688937,0.0029104799949262444,0.5851318256882958,0.006501464729869954,0.005580581993323457,0.020294567411230712,0.019166358001815573,,,,,,,,
imdb_wiki,xgb_quantile,mondrian_dis,0.6784163355827332,9.28307172087128,6.937960243225097,0.9533401325854156,39.462712097167966,0.4384745788574219,0.4309989721238102,0.9829997420310974,6.306562964419507,5,0.001323995422285169,0.019105320239116017,0.021722620909688937,0.0023088692346092264,0.4648650772234552,0.005165167524705068,0.004741881630243351,0.010169843250984446,0.017388432442073855,0.38397979736328125,0.28357173068447217,0.0018439900382782204,0.006324298671982137,0.0009553576555379806,0.004261862922369017,0.0014278429372768908,0.003020099463505543
imdb_wiki,xgb_quantile,weighted_dis,0.6784163355827332,9.28307172087128,6.937960243225097,0.9517593064762876,38.96624221801758,0.43295824686686196,0.4285099843470001,0.989829683303833,6.294322601488956,5,0.001323995422285169,0.019105320239116017,0.021722620909688937,0.0019367801137004398,0.5298450359125454,0.0058871670656949916,0.0029079054752584642,0.011017184241467264,0.01520552741160487,-0.11249008178710937,0.22294902069631373,-0.0006449977385318495,0.004551434312285933,-0.01128500527501366,0.0047334448153713874,-0.00015298317185112874,0.0012568850121230071
mercari,sourcewise_quantile,binned_weighted_dis,0.2825011134147644,0.6340099771880915,0.47514639496803285,0.9506399999999999,2.4739614963531493,0.33105025968976076,0.3296341949599494,0.9957763314247131,0.3843649028291334,5,0.006634167028340788,0.0029324076981884543,0.001377385320976611,0.0016040573555830182,0.023381233652696964,0.0031287323929666266,0.0015203213175661529,0.008173987667145595,0.0019730597807989607,0.0010286331176757812,0.008125348617447096,4.8673817434341515e-05,0.0010783948926861128,-8.541339833749717e-05,0.0001529822514475357,-0.00012000000000000899,0.0011945710527214248
mercari,sourcewise_quantile,difficulty_weighted,0.2825011134147644,0.6340099771880915,0.47514639496803285,0.95048,2.589518642425537,0.34651340383030754,0.345478730059651,0.9968763828277588,0.39391411422080796,5,0.006634167028340788,0.0029324076981884543,0.001377385320976611,0.001042592921518267,0.14375547850452078,0.01923647096403883,0.020371108888216874,0.004893098049923736,0.012040876234456228,0.11658577919006348,0.14893163617237307,0.01589320891713596,0.021288806980640198,0.009463797993337075,0.012577049443864365,-0.0002800000000000136,0.0012891857895586472
mercari,sourcewise_quantile,marginal,0.2825011134147644,0.6340099771880915,0.47514639496803285,0.95076,2.4729328632354735,0.3309126143540374,0.32958552114251505,0.9960065245628357,0.3844503162274709,5,0.006634167028340788,0.0029324076981884543,0.001377385320976611,0.0010945318634009301,0.01704202624374132,0.0022804587791470177,0.0022395181030044585,0.006402035625935352,0.0018891263947216016,,,,,,,,
mercari,sourcewise_quantile,mondrian_dis,0.2825011134147644,0.6340099771880915,0.47514639496803285,0.9503,2.4758995532989503,0.33130959850976527,0.3308815812244981,0.9987313628196717,0.38435112154129203,5,0.006634167028340788,0.0029324076981884543,0.001377385320976611,0.0010173494974688134,0.016504135578048983,0.002208481569790857,0.0011751033078595467,0.005137151810738867,0.001898753284021464,0.0029666900634765627,0.007786572861521927,0.0012960600819830526,0.0014572972171831148,-9.919468617884953e-05,0.0001428780275778038,-0.00046000000000001595,0.001123832727766877
mercari,sourcewise_quantile,weighted_dis,0.2825011134147644,0.6340099771880915,0.47514639496803285,0.95096,2.471199321746826,0.3306806425303669,0.3289695918500469,0.9948665738105774,0.38419067481943625,5,0.006634167028340788,0.0029324076981884543,0.001377385320976611,0.0014690132742763403,0.023113954544817062,0.003092966752230647,0.0019331508066063672,0.007063405514639017,0.0019091735733461279,-0.001733541488647461,0.009050606131531535,-0.000615929292468087,0.0009115804853693688,-0.00025964140803464987,9.165091291725502e-05,0.00020000000000002237,0.0010464224768228217
mercari,sourcewise_stack,binned_weighted_dis,0.3708130121231079,0.5937094956100821,0.4508889138698578,0.9494400000000001,2.3269829750061035,0.3113825010231518,0.312599708585558,1.0039453744888305,0.3380103351425462,5,0.006795477027725474,0.0032046557152590385,0.0023046157756595824,0.0010784247771634548,0.02194664916048953,0.002936765149583013,0.002641313317738353,0.008579077158515497,0.0017553461467169817,-0.0005414485931396484,0.006129977810753804,-8.140388271805632e-05,0.0008856082044839855,-0.0001102119203898133,0.00020909904099827438,9.999999999998899e-05,0.00046368092477480595
mercari,sourcewise_stack,difficulty_weighted,0.3708130121231079,0.5937094956100821,0.4508889138698578,0.94946,2.3576759338378905,0.31548964335616236,0.3164929832904059,1.0032648205757142,0.3381393063295118,5,0.006795477027725474,0.0032046557152590385,0.0023046157756595824,0.001651665825764982,0.03765200886164165,0.005038359461075608,0.003734049534055997,0.009916292880332175,0.001958125710171677,0.030151510238647462,0.02884484842426129,0.0038118708221298704,0.002009060021339238,1.8759266575740785e-05,0.00125648062598444,0.00011999999999998679,0.001672423391369527
mercari,sourcewise_stack,marginal,0.3708130121231079,0.5937094956100821,0.4508889138698578,0.94934,2.327524423599243,0.3114549543324016,0.3126811124682761,1.003947639465332,0.33812054706293604,5,0.006795477027725474,0.0032046557152590385,0.0023046157756595824,0.0007829431652425307,0.01997573951515174,0.0026730301840728545,0.002500934422633305,0.004142800698633752,0.0017189960433907673,,,,,,,,
mercari,sourcewise_stack,mondrian_dis,0.3708130121231079,0.5937094956100821,0.4508889138698578,0.9487399999999999,2.3322897434234617,0.31209262002268734,0.31407151312926507,1.0064055681228639,0.3381206319775819,5,0.006795477027725474,0.0032046557152590385,0.0023046157756595824,0.0018392933425638869,0.023459717370610568,0.0031392345997451254,0.0028276501552444017,0.011916900248352687,0.0016868046866868618,0.00476531982421875,0.0113554491093753,0.0013904006609889775,0.0028900271377402882,8.491464584814423e-08,0.00029655027497253224,-0.0006000000000000227,0.002254994456755928
mercari,sourcewise_stack,weighted_dis,0.3708130121231079,0.5937094956100821,0.4508889138698578,0.9498000000000001,2.3330227375030517,0.3121907047668343,0.3123266960271073,1.0005420684814452,0.33804913440414813,5,0.006795477027725474,0.0032046557152590385,0.0023046157756595824,0.001560448653432714,0.03273748212271242,0.0043807278222756235,0.0022656890103452203,0.011048577299451978,0.0019156764945928693,0.005498313903808593,0.01965109992171919,-0.00035441644116880334,0.000695058376025205,-7.141265878790604e-05,0.0007097413391322096,0.00046000000000001595,0.0011414902540101044
mercari,xgb_point,binned_weighted_dis,0.3642117381095886,0.5968161686843718,0.4545966625213623,0.95016,2.3334907054901124,0.31225332535485534,0.3119363850690725,0.999092960357666,0.3398298060187718,5,0.0067345758734809885,0.003158106074601131,0.0018193500082408914,0.0020574255758107106,0.029564768816325755,0.003956174907628904,0.0017497848397186914,0.01182130718855811,0.001875497025763468,0.0017457008361816406,0.011055404197007563,-0.0008112023010879099,0.0009134167569471969,-9.853150707073155e-05,0.0003048528836908111,0.0004999999999999672,0.0007874007874011402
mercari,xgb_point,difficulty_weighted,0.3642117381095886,0.5968161686843718,0.4545966625213623,0.95102,2.3782951831817627,0.318248784054172,0.31612410966242105,0.9933375835418701,0.34011629241547847,5,0.0067345758734809885,0.003158106074601131,0.0018193500082408914,0.0021707141681944647,0.029630468806241785,0.003964966474819974,0.005671251363912941,0.013981269568738307,0.0019328953125506796,0.04655017852783203,0.03628154133593915,0.003376522292260653,0.0057015230948096185,0.00018795488963594398,0.0012016306918791956,0.0013599999999999834,0.003564828186603123
mercari,xgb_point,marginal,0.3642117381095886,0.5968161686843718,0.4545966625213623,0.9496600000000001,2.3317450046539308,0.31201972644233766,0.3127475873701604,1.0024303793907166,0.3399283375258425,5,0.0067345758734809885,0.003158106074601131,0.0018193500082408914,0.002082786594925169,0.02599927013914145,0.0034790618786891673,0.0013028768317722332,0.011702303608836357,0.0016231270140510362,,,,,,,,
mercari,xgb_point,mondrian_dis,0.3642117381095886,0.5968161686843718,0.4545966625213623,0.95062,2.343580150604248,0.3136034326342466,0.31215559814833577,0.995400893688202,0.34003329212315464,5,0.0067345758734809885,0.003158106074601131,0.0018193500082408914,0.0007395944834840149,0.018718145153797314,0.0025047466677269076,0.0019051079269631632,0.00416239072434847,0.0015525646070627783,0.011835145950317382,0.009720089066624592,-0.0005919892218246181,0.00151241391360968,0.00010495459731212353,0.00026196454987875944,0.0009599999999999831,0.0013667479650615818
mercari,xgb_point,weighted_dis,0.3642117381095886,0.5968161686843718,0.4545966625213623,0.9501799999999999,2.33121919631958,0.31194936601599704,0.3113797549057899,0.9982489585876465,0.339452210113998,5,0.0067345758734809885,0.003158106074601131,0.0018193500082408914,0.001940876090841451,0.025618559771538596,0.003428117566804226,0.00258981199511983,0.011571246302739337,0.001702369867925297,-0.000525808334350586,0.007049222907343673,-0.0013678324643704776,0.0016752957972049805,-0.0004761274118445069,0.0004794180967571058,0.0005200000000000094,0.0011861703081767145
mercari,xgb_quantile,binned_weighted_dis,0.3091012597084045,0.6221466450020723,0.46626533269882203,0.94952,2.5116557121276855,0.33609426701944506,0.3365233624400207,1.0013162255287171,0.3943197682009383,5,0.006315467628436986,0.00284449290755165,0.0012412026680817232,0.0015056560032092232,0.01840174008646734,0.002462407294272175,0.0008065638649421084,0.007146770946494916,0.001239434729109899,-0.0017993927001953125,0.00304543650462303,-0.0004205129053609036,0.0005936709462107826,-6.838623600323724e-05,8.950124726278938e-05,-3.999999999999559e-05,8.944271909998174e-05
mercari,xgb_quantile,difficulty_weighted,0.3091012597084045,0.6221466450020723,0.46626533269882203,0.95046,2.9365522861480713,0.39295130435736947,0.39254876843158526,0.9985537767410279,0.4257961192678801,5,0.006315467628436986,0.00284449290755165,0.0012412026680817232,0.0014741099009232214,0.5491474708585521,0.07348352555352311,0.07478319514629952,0.006536659706507535,0.04574208975576124,0.4230971813201904,0.5498351007681879,0.05560489308620362,0.07462139702808253,0.03140796483093854,0.046347804487578505,0.0008999999999999897,0.0011832159566199359
mercari,xgb_quantile,marginal,0.3091012597084045,0.6221466450020723,0.46626533269882203,0.94956,2.513455104827881,0.3363350506458522,0.3369438753453816,1.0018441438674928,0.39438815443694153,5,0.006315467628436986,0.00284449290755165,0.0012412026680817232,0.0015076471735787442,0.01859071876297793,0.002487695254503919,0.0010241459931099764,0.006301277612147871,0.0012152150930212935,,,,,,,,
mercari,xgb_quantile,mondrian_dis,0.3091012597084045,0.6221466450020723,0.46626533269882203,0.9496,2.523823547363281,0.3377224916383585,0.3380270405734479,1.0009525179862977,0.39435658792840017,5,0.006315467628436986,0.00284449290755165,0.0012412026680817232,0.0021023796041628917,0.018219724612352616,0.002438051106812486,0.0018821299705544998,0.010302210913338583,0.0012121734646767066,0.010368442535400391,0.006455454951834919,0.0010831652280663296,0.0018585325295888628,-3.156650854138077e-05,0.0001321862618633276,4.00000000000178e-05,0.0006542170893518561
mercari,xgb_quantile,weighted_dis,0.3091012597084045,0.6221466450020723,0.46626533269882203,0.94976,2.514940786361694,0.33653385538000435,0.33679941356493914,1.0008158445358277,0.3941059126303462,5,0.006315467628436986,0.00284449290755165,0.0012412026680817232,0.001431083505599836,0.0167722571209253,0.002244359939979097,0.001391746995508817,0.006295639185483611,0.0012948391020671003,0.0014856815338134765,0.008856955818903129,-0.00014446178044243973,0.0010827537566820518,-0.00028224180659530695,0.00022032537277117298,0.00019999999999997797,0.0007778174593051915
pawpularity,sourcewise_quantile,binned_weighted_dis,0.16079509258270264,18.596456041853894,13.116567611694336,0.9551185073121532,86.55594635009766,0.8832239423479352,0.8799698628116867,0.9962218165397644,13.87076338411138,5,0.008711764779456413,0.09653372218164086,0.047510728512236755,0.005431331121668697,3.4434995821199275,0.03513775083795843,0.038420815666202195,0.009256880932135895,1.2625788124650095,-1.2308639526367187,1.2314102245915421,-0.013649542112000979,0.016160707928440488,-0.03240040663827699,0.03164038933136453,-2.2204460492503132e-17,0.0018868670634260812
pawpularity,sourcewise_quantile,difficulty_weighted,0.16079509258270264,18.596456041853894,13.116567611694336,0.9538073625819464,328.3271224975586,3.3502767601791694,3.3402326333387427,1.0014735102653503,33.876376004774706,5,0.008711764779456413,0.09653372218164086,0.047510728512236755,0.007110259901972583,327.80507804947894,3.3449497760150915,3.313355687288569,0.013226418892267168,26.317666505487658,240.54031219482422,330.16680136600206,2.4466132284150546,3.3347052668186055,19.973212214025047,27.312541884200638,-0.0013111447302067702,0.0054849119238239725
pawpularity,sourcewise_quantile,marginal,0.16079509258270264,18.596456041853894,13.116567611694336,0.9551185073121534,87.78681030273438,0.8957837785993303,0.8936194049236876,0.9976071953773499,13.903163790749655,5,0.008711764779456413,0.09653372218164086,0.047510728512236755,0.005880939883858079,2.569932180626721,0.026223797761497164,0.02599665215044767,0.00644153287025962,1.2330877840561105,,,,,,,,
pawpularity,sourcewise_quantile,mondrian_dis,0.16079509258270264,18.596456041853894,13.116567611694336,0.9503782148260213,85.8624771118164,0.8761477256307797,0.875956468598108,0.9999761581420898,13.87283715447525,5,0.008711764779456413,0.09653372218164086,0.047510728512236755,0.0033941137005474137,3.2277405568294375,0.03293612813091261,0.03028952341856182,0.016297076522976715,1.2563402115818594,-1.9243331909179688,1.9398798404291162,-0.017662936325579536,0.007535803785442552,-0.030326636274407192,0.03264970550754633,-0.004740292486132125,0.007527224672534639
pawpularity,sourcewise_quantile,weighted_dis,0.16079509258270264,18.596456041853894,13.116567611694336,0.9542107917297024,86.4406951904297,0.8820479101064255,0.8819380891541371,0.9999972939491272,13.863402275791032,5,0.008711764779456413,0.09653372218164086,0.047510728512236755,0.006471785063905429,3.62190063328743,0.03695816972742274,0.03537551951076215,0.012154109186408246,1.269001046426202,-1.3461151123046875,1.3278466841480367,-0.011681315769550449,0.012782764432654137,-0.03976151495862581,0.03650295924708407,-0.0009077155824508409,0.001832163603084733
pawpularity,sourcewise_stack,binned_weighted_dis,0.2351019263267517,17.753979620995487,12.85544033050537,0.9498739283913263,79.24153289794921,0.808587070387237,0.8077068005343845,1.000001811981201,10.494575262301726,5,0.009673731570682263,0.11208473755588247,0.11446419240472828,0.006551843376262948,2.4851603084825244,0.025358778657984967,0.014985532632668929,0.045639786978850114,0.10826528965633493,0.18183441162109376,1.0462579679754311,0.004706701354126941,0.02067855587916127,0.023720968642771824,0.04620752215575686,-0.000302571860816947,0.00476544010284521
pawpularity,sourcewise_stack,difficulty_weighted,0.2351019263267517,17.753979620995487,12.85544033050537,0.9522945032778619,81.70395355224609,0.8337138117576132,0.8177109450633611,0.9808487176895142,10.543966468741129,5,0.009673731570682263,0.11208473755588247,0.11446419240472828,0.002634866460436308,3.5319094015146497,0.0360398918521903,0.03796676642255529,0.01950662671622043,0.19869612742800422,2.6442550659179687,2.567785012100879,0.014710845883103407,0.034402487603173756,0.07311217508217246,0.13983510287403744,0.0021180030257186067,0.005447694110259742
pawpularity,sourcewise_stack,marginal,0.2351019263267517,17.753979620995487,12.85544033050537,0.9501765002521433,79.05969848632813,0.8067316172074298,0.8030000991802575,0.9957929968833923,10.470854293658956,5,0.009673731570682263,0.11208473755588247,0.11446419240472828,0.0034090658156642785,2.420190893785593,0.02469582544679175,0.012204741233674167,0.018266067985104436,0.13507848016691984,,,,,,,,
pawpularity,sourcewise_stack,mondrian_dis,0.2351019263267517,17.753979620995487,12.85544033050537,0.9509833585476551,79.14165496826172,0.8075679078394054,0.8019780851175848,0.9938413262367248,10.47194609833178,5,0.009673731570682263,0.11208473755588247,0.11446419240472828,0.0066844113281410355,2.423975732837106,0.024734446253439908,0.009481806327354163,0.033082347946519854,0.11086649433870864,0.08195648193359376,1.5347466823491183,-0.0010220140626726825,0.011374118733862655,0.0010918046728228604,0.0651655032858048,0.0008068582955118586,0.005296208110183056
pawpularity,sourcewise_stack,weighted_dis,0.2351019263267517,17.753979620995487,12.85544033050537,0.9481593545133636,78.76593170166015,0.8037339969557159,0.8083524440801313,1.008113181591034,10.420721763997632,5,0.009673731570682263,0.11208473755588247,0.11446419240472828,0.007063611213270087,4.617430325274189,0.04711663597218562,0.009894384985919276,0.05128671515968844,0.2054450595225119,-0.29376678466796874,3.4602689883642883,0.005352344899873596,0.012950576844653597,-0.050132529661323845,0.15704654171914711,-0.0020171457387796465,0.005934746493161843
pawpularity,xgb_point,binned_weighted_dis,0.24335585832595824,17.65818083154779,12.74217414855957,0.9509833585476551,79.97135925292969,0.8160342780911194,0.8133509854312401,0.9980409026145936,10.504784594111907,5,0.0031204958200293023,0.03636907380956434,0.04909263178191101,0.009100938195393695,2.4774578027507514,0.025280181660721983,0.026448397297666643,0.05887800481249979,0.06237473999062686,0.38102874755859373,1.5906464674212304,0.009265425045344156,0.025794436217000144,0.052007920249878124,0.09050486062571728,0.00010085728693898233,0.005098034072052541
pawpularity,xgb_point,difficulty_weighted,0.24335585832595824,17.65818083154779,12.74217414855957,0.9527987897125568,83.7349838256836,0.8544386104661591,0.8289715723562875,0.9725843906402588,10.599740337117598,5,0.0031204958200293023,0.03636907380956434,0.04909263178191101,0.00630458892588277,4.7108770744258655,0.048070174228835374,0.013152667063737205,0.055484805344521736,0.21525979297594042,4.1446533203125,5.181413391921211,0.024886011970391662,0.0141430518831439,0.14696366325556873,0.22599147950392218,0.001916288451840642,0.007241384636546184
pawpularity,xgb_point,marginal,0.24335585832595824,17.65818083154779,12.74217414855957,0.9508825012607162,79.5903305053711,0.8121462296466438,0.8040855603858958,0.990891444683075,10.45277667386203,5,0.0031204958200293023,0.03636907380956434,0.04909263178191101,0.00537958057613502,2.409204613476593,0.024583720545679533,0.004724222021634638,0.03392925744191296,0.09661879029080223,,,,,,,,
pawpularity,xgb_point,mondrian_dis,0.24335585832595824,17.65818083154779,12.74217414855957,0.951790216843167,79.18807373046874,0.8080415686782526,0.7923342009269906,0.9812514066696167,10.431754978757798,5,0.0031204958200293023,0.03636907380956434,0.04909263178191101,0.005531082030538113,2.48803267979085,0.025388088569294375,0.007538481379567358,0.028740423408308992,0.09705949753318237,-0.40225677490234374,1.580928301030296,-0.011751359458905264,0.006950413089502998,-0.02102169510423124,0.06443038426062826,0.0009077155824508187,0.0025062579202802405
pawpularity,xgb_point,weighted_dis,0.24335585832595824,17.65818083154779,12.74217414855957,0.9490670700958145,77.05908813476563,0.7863172258649553,0.7919343546834783,1.0085211992263794,10.295140880263256,5,0.0031204958200293023,0.03636907380956434,0.04909263178191101,0.006642430596227717,2.7788027286425736,0.028355129884107877,0.015023499155746448,0.05054771113238192,0.10152783449484584,-2.5312423706054688,0.9716248179283898,-0.012151205702417501,0.01714777080528715,-0.15763579359877228,0.035974028136729855,-0.0018154311649016819,0.0038833329920683096
pawpularity,xgb_quantile,binned_weighted_dis,0.2366945743560791,17.735756629769018,12.657477188110352,0.9537065052950077,85.91908569335938,0.8767253642179528,0.8706500045987793,0.9930504202842713,14.016211537530003,5,0.0020561729450377215,0.02388254735040882,0.027074933945341283,0.003660855554792032,4.258991157543417,0.043459093444320585,0.047488483235499625,0.02083874949953638,1.9981398326695323,0.0189483642578125,1.946566991238868,-0.005628584637637757,0.007728915765355004,-0.0006619527768432221,0.05144871844442964,0.0013111447302067702,0.005473308543102405
pawpularity,xgb_quantile,difficulty_weighted,0.2366945743560791,17.735756629769018,12.657477188110352,0.9513867876954111,855.7411209106446,8.73205225419025,8.790917837339162,1.0114800810813904,78.05561680863447,5,0.0020561729450377215,0.02388254735040882,0.027074933945341283,0.005450027669634409,1303.7873985416659,13.303953046343526,13.167907850095391,0.03216485975698079,107.0656858724343,769.840983581543,1307.1787103062347,7.914639248102745,13.200660812083436,64.03874331832762,108.71161173182493,-0.0010085728693898233,0.0055241811145251025
pawpularity,xgb_quantile,marginal,0.2366945743560791,17.735756629769018,12.657477188110352,0.9523953605648009,85.90013732910157,0.876532013562261,0.8762785892364171,0.9997536301612854,14.016873490306846,5,0.0020561729450377215,0.02388254735040882,0.027074933945341283,0.0033374467186634924,3.9821945848454012,0.04063463862087144,0.03978193680450299,0.004005645764970963,1.998414559969392,,,,,,,,
pawpularity,xgb_quantile,mondrian_dis,0.2366945743560791,17.735756629769018,12.657477188110352,0.9532022188603128,86.53736877441406,0.8830343752491231,0.8797756625694649,0.9966139435768128,14.002262910633016,5,0.0020561729450377215,0.02388254735040882,0.027074933945341283,0.005221252286654513,5.006368677536875,0.05108539466874359,0.046329472159612445,0.013266705503125479,2.004130227004361,0.6372314453125,1.56088700557981,0.0034970733330478066,0.008305949539952583,-0.01461057967383148,0.028404876005874047,0.0008068582955118586,0.006629017337430152
pawpularity,xgb_quantile,weighted_dis,0.2366945743560791,17.735756629769018,12.657477188110352,0.9538073625819464,85.55954132080078,0.8730565440898038,0.8672213953857529,0.9931964635848999,13.992799482203225,5,0.0020561729450377215,0.02388254735040882,0.027074933945341283,0.003141182350458418,4.666965223112704,0.04762209411339499,0.052202036896775564,0.01798486753258758,2.030298608091177,-0.34059600830078124,1.8497246114174992,-0.00905719385066417,0.012519970730039345,-0.024074008103621834,0.054030626411239055,0.0014120020171457305,0.005022652384463433
sred,sourcewise_quantile,binned_weighted_dis,0.6440847635269165,0.17233556061213365,0.1229760080575943,0.939404869251578,0.7746220350265502,0.360482060665719,0.3876979897785705,1.0760701894760132,0.11377909921921858,5,0.0042908722399327085,0.001037763098381718,0.0006749168819387089,0.004481433233467696,0.014105768080981296,0.006564332171277029,0.009179054136725338,0.04248518352048358,0.000631568777846594,-0.01661914587020874,0.009454903909996263,-0.00881905559319195,0.007917664846913839,-0.0011411976679677749,0.00025084724198213757,0.0010820559062217905,0.003457220831863089
sred,sourcewise_quantile,difficulty_weighted,0.6440847635269165,0.17233556061213365,0.1229760080575943,0.9403065825067628,0.9421946406364441,0.43846450300523737,0.47340401447954406,1.082626223564148,0.1267192056418559,5,0.0042908722399327085,0.001037763098381718,0.0006749168819387089,0.0018479622661784433,0.23160733874964182,0.10778197232010382,0.10780240948483674,0.020389335455653388,0.018292903556461845,0.15095345973968505,0.23152386386608373,0.07688696910778166,0.11228343046449145,0.011798908754669546,0.018599563704984348,0.001983769161406701,0.003739664806731801
sred,sourcewise_quantile,marginal,0.6440847635269165,0.17233556061213365,0.1229760080575943,0.9383228133453562,0.791241180896759,0.36821603114280677,0.3965170453717624,1.0771885156631469,0.11492029688718634,5,0.0042908722399327085,0.001037763098381718,0.0006749168819387089,0.003961385507031379,0.013001794584870332,0.006050581435042452,0.00853244176175243,0.03324929777608089,0.0007183417377278627,,,,,,,,
sred,sourcewise_quantile,mondrian_dis,0.6440847635269165,0.17233556061213365,0.1229760080575943,0.9406672678088368,0.762920367717743,0.3550365130903018,0.3729995559206009,1.051047945022583,0.1126898763442811,5,0.0042908722399327085,0.001037763098381718,0.0006749168819387089,0.004571250443872544,0.014156263748776148,0.0065878310927616895,0.004365512473645684,0.031050884552385107,0.0005936811503291524,-0.028320813179016115,0.016410822925366726,-0.0235174894511615,0.008527733997614676,-0.0022304205429052705,0.000439208623142454,0.0023444544634806165,0.003804332391294682
sred,sourcewise_quantile,weighted_dis,0.6440847635269165,0.17233556061213365,0.1229760080575943,0.9399458972046888,0.7677914381027222,0.3573033392463185,0.3856460459890355,1.079806637763977,0.11339413427634604,5,0.0042908722399327085,0.001037763098381718,0.0006749168819387089,0.0060016451910888105,0.011676217425150027,0.005433704087768155,0.012902555897782806,0.04787095670142981,0.0007588840898075943,-0.023449742794036867,0.011199277654617522,-0.010870999382726931,0.00835207547918817,-0.001526162610840312,0.0002878239525185857,0.0016230838593327191,0.005311695752938928
sred,sourcewise_stack,binned_weighted_dis,0.8091741800308228,0.12618648381845332,0.09434767812490463,0.9377817853922453,0.47610439658164977,0.2215623700478379,0.23608441268661878,1.065940499305725,0.07122133346015294,5,0.0033741247933532885,0.0011183358491905348,0.000873900854562168,0.006595463858578798,0.014987080676447433,0.0069744642952533405,0.007243986145231391,0.03098565195809677,0.0008438917339161179,-0.014082670211791992,0.009932386073598283,-0.00444126728197462,0.0061475849731886965,-0.0007157360840315874,0.00033853786440297224,-0.002705139765554576,0.00481383149325127
sred,sourcewise_stack,difficulty_weighted,0.8091741800308228,0.12618648381845332,0.09434767812490463,0.9318304779080252,0.5130094170570374,0.23873667858583641,0.2634959782213283,1.1053743839263916,0.07306947401727196,5,0.0033741247933532885,0.0011183358491905348,0.000873900854562168,0.009296834206515423,0.015781734765590527,0.007344268574782918,0.010518012214691683,0.0728477176420958,0.000681853920144814,0.02282235026359558,0.009384932720391957,0.02297029825273488,0.011319968137058196,0.0011324044730874117,0.0004620387158007948,-0.008656447249774568,0.007772538120652834
sred,sourcewise_stack,marginal,0.8091741800308228,0.12618648381845332,0.09434767812490463,0.9404869251577999,0.49018706679344176,0.22811595327691364,0.2405256799685934,1.0545594930648803,0.07193706954418452,5,0.0033741247933532885,0.0011183358491905348,0.000873900854562168,0.0026289233069636377,0.007721950339435464,0.0035935261906442422,0.0027253903854357673,0.016947550362557465,0.0005866255338787133,,,,,,,,
sred,sourcewise_stack,mondrian_dis,0.8091741800308228,0.12618648381845332,0.09434767812490463,0.9386834986474302,0.4803359806537628,0.22353160159202354,0.2334599930493241,1.045072090625763,0.07116172591983518,5,0.0033741247933532885,0.0011183358491905348,0.000873900854562168,0.008039925383285388,0.015929517799705972,0.007413041641208202,0.005086528970788635,0.03177773000831218,0.0006603120584102485,-0.009851086139678954,0.012199345060141491,-0.00706568691926932,0.004546032141484712,-0.0007753436243493617,0.00038491556830509634,-0.0018034265103697323,0.006247252687353928
sred,sourcewise_stack,weighted_dis,0.8091741800308228,0.12618648381845332,0.09434767812490463,0.9352569882777276,0.46720327734947203,0.21742009980769855,0.23469000973024068,1.0801183223724364,0.07081269441074818,5,0.0033741247933532885,0.0011183358491905348,0.000873900854562168,0.00654596624450187,0.011307989148765045,0.005262343499165621,0.006259545781707165,0.044586878006335116,0.0006206640758358665,-0.022983789443969727,0.012358338763460135,-0.00583567023835273,0.004563793620818957,-0.0011243751334363505,0.00029608833325873394,-0.005229936880072161,0.006388814998708145
sred,xgb_point,binned_weighted_dis,0.7875993371009826,0.13312419359386896,0.0971711128950119,0.9433724075743914,0.5172929167747498,0.24073006985961948,0.25008213228415077,1.0389848709106446,0.07483408433360772,5,0.00546517691671603,0.0017157557124345272,0.0011725474559985997,0.006162073782964814,0.008388946983663267,0.0039039231505759485,0.00927374594708037,0.03922371036474379,0.0006431198768579353,-0.012213778495788575,0.008177095289601165,-9.466987595125321e-05,0.005188751209981048,-0.0008187619284593412,0.00033062203159512065,-0.00432822362488725,0.0047457880493925525
sred,xgb_point,difficulty_weighted,0.7875993371009826,0.13312419359386896,0.0971711128950119,0.9381424706943193,0.560187828540802,0.2606918647561082,0.2790753660607744,1.071789264678955,0.0773039607314239,5,0.00546517691671603,0.0017157557124345272,0.0011725474559985997,0.007286601929968245,0.023872373554998084,0.011109369502756998,0.00575905455241222,0.04230261309126833,0.001109078775623397,0.030681133270263672,0.025064195861064252,0.02889856390067232,0.005636089132970343,0.0016511144693568374,0.0010075614001970783,-0.00955816050495939,0.00747932961346355
sred,xgb_point,marginal,0.7875993371009826,0.13312419359386896,0.0971711128950119,0.9477006311992786,0.5295066952705383,0.2464139361086936,0.250176802160102,1.01522057056427,0.07565284626206706,5,0.00546517691671603,0.0017157557124345272,0.0011725474559985997,0.0016869510310071735,0.006055857809043754,0.0028181848739015796,0.005021183883524529,0.012315152982733184,0.0008454505284108841,,,,,,,,
sred,xgb_point,mondrian_dis,0.7875993371009826,0.13312419359386896,0.0971711128950119,0.9431920649233543,0.5256229162216186,0.24460656088385,0.25570898175079826,1.04637668132782,0.07513489156259663,5,0.00546517691671603,0.0017157557124345272,0.0011725474559985997,0.008362144720915902,0.013562907982964924,0.006311704027566372,0.007722658066925549,0.05273859698197767,0.0004158753809211732,-0.0038837790489196777,0.015578797962867522,0.005532179590696229,0.005225226101174623,-0.0005179546994704215,0.0005837529787320436,-0.004508566275924242,0.007677811706910029
sred,xgb_point,weighted_dis,0.7875993371009826,0.13312419359386896,0.0971711128950119,0.9437330928764652,0.5154541313648224,0.23987436330375064,0.2481041008941704,1.0345021963119507,0.07454381059298221,5,0.00546517691671603,0.0017157557124345272,0.0011725474559985997,0.0055804322621337155,0.01535122005736175,0.0071439220546069245,0.009127767856039139,0.031135872702997846,0.0008638227019935944,-0.014052563905715942,0.012227789221447353,-0.002072701265931609,0.004280835540791239,-0.0011090356690848485,0.00045230187632819665,-0.003967538322813336,0.004711397827813564
sred,xgb_quantile,binned_weighted_dis,0.7322420835494995,0.14947467659508779,0.10496424734592438,0.9412082957619476,0.7921229481697083,0.3686263748578154,0.3960481809713411,1.0753272771835327,0.11803255076443105,5,0.004341228582051865,0.001212837856322157,0.0010403351845497298,0.005536548758524373,0.01781355405558036,0.00828980636151885,0.011453673179005997,0.05386497750233511,0.001354749520918391,-0.02916330099105835,0.017447096023083634,-0.0028549997312167672,0.013568615199572474,-0.001725418297097106,0.0009921677227786778,-0.0028854824165915225,0.004296169251423519
sred,xgb_quantile,difficulty_weighted,0.7322420835494995,0.14947467659508779,0.10496424734592438,0.9435527502254283,1.2418569326400757,0.5779168754407555,0.6037389455419745,1.0523095369338988,0.15165736247468556,5,0.004341228582051865,0.001212837856322157,0.0010403351845497298,0.00753348911603446,0.2309648622297883,0.1074829861702995,0.08408110110566364,0.06478832091011492,0.017338930435274763,0.4205706834793091,0.2266032804973099,0.20483576483941657,0.08408403340727114,0.031899393413157395,0.017456316531788474,-0.0005410279531108842,0.01001267205950684
sred,xgb_quantile,marginal,0.7322420835494995,0.14947467659508779,0.10496424734592438,0.9440937781785392,0.8212862491607666,0.38219795733508255,0.3989031807025579,1.043821120262146,0.11975796906152816,5,0.004341228582051865,0.001212837856322157,0.0010403351845497298,0.004938886902661574,0.009905156538253773,0.004609514161321072,0.011041693202299939,0.031230730790779215,0.0016412373159166334,,,,,,,,
sred,xgb_quantile,mondrian_dis,0.7322420835494995,0.14947467659508779,0.10496424734592438,0.939224526600541,0.7845513701438904,0.3651028266939105,0.39917155584748387,1.093913769721985,0.11751369062923289,5,0.004341228582051865,0.001212837856322157,0.0010403351845497298,0.005432775592927695,0.019128693636605708,0.008901826423941718,0.012446694119924783,0.04576358753692889,0.00140388151774924,-0.03673487901687622,0.017434015829280874,0.0002683751449259697,0.020582879170179938,-0.002244278432295274,0.0007870085003970914,-0.0048692515779981795,0.006855393258340226
sred,xgb_quantile,weighted_dis,0.7322420835494995,0.14947467659508779,0.10496424734592438,0.9421100090171326,0.7824049115180969,0.36410393976122307,0.38802772867936863,1.0668406724929809,0.11712589398529882,5,0.004341228582051865,0.001212837856322157,0.0010403351845497298,0.007082898786891057,0.019325548478571587,0.008993435797126484,0.011474155323297855,0.05787208951160334,0.0014918230821831325,-0.038881337642669676,0.017840542691910204,-0.010875452023189236,0.0149478529153395,-0.0026320750762293317,0.0005711122586178422,-0.0019837691614066786,0.005960863437705511
