dataset,seed,base,calibration,r2,rmse,mae,picp,mpiw,niw,nciw,c_test_cal,crps,a0,a1,q_hat
imdb_wiki,0,xgb_point,marginal,0.713043212890625,8.769073623917164,6.6352434158325195,0.952320244773075,36.355751037597656,0.40395278930664064,0.3954794005442636,0.979023814201355,5.07406651349179,,,18.177875518798828
imdb_wiki,0,xgb_point,mondrian_dis,0.713043212890625,8.769073623917164,6.6352434158325195,0.9530851606323304,36.395198822021484,0.4043910980224609,0.39329587913184694,0.9725631475448608,5.073277730258235,,,
imdb_wiki,0,xgb_point,weighted_dis,0.713043212890625,8.769073623917164,6.6352434158325195,0.952320244773075,36.355751037597656,0.40395278930664064,0.3954794005442636,0.979023814201355,5.07406651349179,1.0,0.0,18.177875518798828
imdb_wiki,0,xgb_point,difficulty_weighted,0.713043212890625,8.769073623917164,6.6352434158325195,0.9500254971953085,34.2391471862793,0.3804349687364366,0.38021816645314427,0.9994301199913025,4.922329371754245,,,17.62091827392578
imdb_wiki,0,xgb_point,binned_weighted_dis,0.713043212890625,8.769073623917164,6.6352434158325195,0.952320244773075,36.355751037597656,0.40395278930664064,0.3954794005442636,0.979023814201355,5.07406651349179,,,18.177875518798828
imdb_wiki,0,xgb_quantile,marginal,0.6784877777099609,9.282056368853311,6.918548107147217,0.9551249362570118,39.900169372558594,0.44333521525065106,0.4338289854717914,0.9785574674606323,6.335771038987423,,,3.1396541595458984
imdb_wiki,0,xgb_quantile,mondrian_dis,0.6784877777099609,9.282056368853311,6.918548107147217,0.9543600203977562,40.23917007446289,0.44710188971625436,0.4376544555399632,0.978869616985321,6.336176177613973,,,
imdb_wiki,0,xgb_quantile,weighted_dis,0.6784877777099609,9.282056368853311,6.918548107147217,0.9533401325854156,39.69898986816406,0.44109988742404516,0.4331882448116024,0.9820638298988342,6.318260912279912,1.0,0.5,2.066122531890869
imdb_wiki,0,xgb_quantile,difficulty_weighted,0.6784877777099609,9.282056368853311,6.918548107147217,0.9551249362570118,46.343955993652344,0.514932844373915,0.5009406444906088,0.972827136516571,6.771269259258892,,,1.8868591785430908
imdb_wiki,0,xgb_quantile,binned_weighted_dis,0.6784877777099609,9.282056368853311,6.918548107147217,0.9538500764915859,39.9640007019043,0.44404445224338107,0.43221712044235117,0.973364531993866,6.331833820686214,,,2.554835081100464
imdb_wiki,0,sourcewise_stack,marginal,0.7081583738327026,8.843395859599967,6.640913963317871,0.9520652728199898,36.44355010986328,0.4049283345540365,0.40011825238625537,0.9881211519241333,5.101448594509634,,,18.221778869628906
imdb_wiki,0,sourcewise_stack,mondrian_dis,0.7081583738327026,8.843395859599967,6.640913963317871,0.9546149923508415,36.44451904296875,0.40493910047743054,0.39490626424340003,0.9752238392829895,5.098167003653834,,,
imdb_wiki,0,sourcewise_stack,weighted_dis,0.7081583738327026,8.843395859599967,6.640913963317871,0.9520652728199898,36.44355010986328,0.4049283345540365,0.40011825238625537,0.9881211519241333,5.101448594509634,1.0,0.0,18.221778869628906
imdb_wiki,0,sourcewise_stack,difficulty_weighted,0.7081583738327026,8.843395859599967,6.640913963317871,0.9490056093829679,34.64493942260742,0.3849437713623047,0.3855846094807475,1.0016647577285767,4.963534124285558,,,17.792583465576172
imdb_wiki,0,sourcewise_stack,binned_weighted_dis,0.7081583738327026,8.843395859599967,6.640913963317871,0.9520652728199898,36.44355010986328,0.4049283345540365,0.40011825238625537,0.9881211519241333,5.101448594509634,,,18.221778869628906
imdb_wiki,0,sourcewise_quantile,marginal,0.49814486503601074,11.59670563319466,8.837969779968262,0.9576746557878634,47.54660415649414,0.5282956017388238,0.5119615682665022,0.9690816402435303,8.103513064052644,,,1.6284942626953125
imdb_wiki,0,sourcewise_quantile,mondrian_dis,0.49814486503601074,11.59670563319466,8.837969779968262,0.9579296277409485,47.861175537109375,0.5317908393012153,0.5100573977520576,0.9591315984725952,8.069788990434102,,,
imdb_wiki,0,sourcewise_quantile,weighted_dis,0.49814486503601074,11.59670563319466,8.837969779968262,0.9584395716471188,47.20087814331055,0.5244542015923395,0.5066858519826964,0.9661203026771545,8.07603515852316,1.0,20.0,0.2261597216129303
imdb_wiki,0,sourcewise_quantile,difficulty_weighted,0.49814486503601074,11.59670563319466,8.837969779968262,0.9561448240693524,76.7325210571289,0.8525835673014323,0.8324076252247323,0.9763355255126953,10.473797281444364,,,0.7403242588043213
imdb_wiki,0,sourcewise_quantile,binned_weighted_dis,0.49814486503601074,11.59670563319466,8.837969779968262,0.958694543600204,47.44560241699219,0.5271733601888021,0.5118323950009653,0.9708995819091797,8.077366816995571,,,0.5009004473686218
imdb_wiki,1,xgb_point,marginal,0.7104109525680542,8.809200886781495,6.67403507232666,0.9505354411014788,36.10734939575195,0.4011927710639106,0.3988348582851763,0.9941227436065674,5.084316433760104,,,18.053672790527344
imdb_wiki,1,xgb_point,mondrian_dis,0.7104109525680542,8.809200886781495,6.67403507232666,0.9515553289138194,36.18317413330078,0.40203526814778645,0.39539207852608343,0.9834761023521423,5.080245270352478,,,
imdb_wiki,1,xgb_point,weighted_dis,0.7104109525680542,8.809200886781495,6.67403507232666,0.9505354411014788,36.10734939575195,0.4011927710639106,0.3988348582851763,0.9941227436065674,5.084316433760104,1.0,0.0,18.053672790527344
imdb_wiki,1,xgb_point,difficulty_weighted,0.7104109525680542,8.809200886781495,6.67403507232666,0.9581845996940337,35.52389144897461,0.39470990498860675,0.3800829352011684,0.9629424810409546,4.977122555736568,,,18.114517211914062
imdb_wiki,1,xgb_point,binned_weighted_dis,0.7104109525680542,8.809200886781495,6.67403507232666,0.9505354411014788,36.10734939575195,0.4011927710639106,0.3988348582851763,0.9941227436065674,5.084316433760104,,,18.053672790527344
imdb_wiki,1,xgb_quantile,marginal,0.6779761910438538,9.289437840661178,6.936926364898682,0.950790413054564,38.7027587890625,0.43003065321180556,0.42750548277456096,0.9941279292106628,6.293807703549647,,,2.6588077545166016
imdb_wiki,1,xgb_quantile,mondrian_dis,0.6779761910438538,9.289437840661178,6.936926364898682,0.9513003569607343,39.23234176635742,0.43591490851508247,0.4334621814685382,0.9943733811378479,6.296983061123146,,,
imdb_wiki,1,xgb_quantile,weighted_dis,0.6779761910438538,9.289437840661178,6.936926364898682,0.9520652728199898,38.939598083496094,0.4326622009277344,0.42908237154724704,0.9917260408401489,6.282095139119377,1.0,0.6666666666666666,1.7314509153366089
imdb_wiki,1,xgb_quantile,difficulty_weighted,0.6779761910438538,9.289437840661178,6.936926364898682,0.9505354411014788,42.715972900390625,0.4746219211154514,0.47126588915378104,0.9929290413856506,6.525049822327464,,,1.4276360273361206
imdb_wiki,1,xgb_quantile,binned_weighted_dis,0.6779761910438538,9.289437840661178,6.936926364898682,0.9520652728199898,38.89846420288086,0.4322051578097873,0.4285011271768023,0.9914299249649048,6.290980668982439,,,1.8800610303878784
imdb_wiki,1,sourcewise_stack,marginal,0.708186686038971,8.842967076237805,6.6472978591918945,0.952320244773075,35.955657958984375,0.3995073106553819,0.3946393230514028,0.9878150224685669,5.08356908165047,,,17.977828979492188
imdb_wiki,1,sourcewise_stack,mondrian_dis,0.708186686038971,8.842967076237805,6.6472978591918945,0.9510453850076491,35.732940673828125,0.39703267415364585,0.39495912393279775,0.9947773814201355,5.068729768816934,,,
imdb_wiki,1,sourcewise_stack,weighted_dis,0.708186686038971,8.842967076237805,6.6472978591918945,0.9528301886792453,36.92482376098633,0.41027581956651477,0.40422373612159646,0.9852487444877625,5.132343704684481,1.0,0.08333333333333333,16.69318389892578
imdb_wiki,1,sourcewise_stack,difficulty_weighted,0.708186686038971,8.842967076237805,6.6472978591918945,0.952320244773075,35.14361572265625,0.390484619140625,0.3865119542060711,0.9898263216018677,4.980501279104763,,,17.833171844482422
imdb_wiki,1,sourcewise_stack,binned_weighted_dis,0.708186686038971,8.842967076237805,6.6472978591918945,0.952320244773075,35.955657958984375,0.3995073106553819,0.3946393230514028,0.9878150224685669,5.08356908165047,,,17.977828979492188
imdb_wiki,1,sourcewise_quantile,marginal,0.49163490533828735,11.671678247797837,8.899415969848633,0.950790413054564,46.66646194458008,0.5185162438286676,0.517347967010096,0.9977468848228455,8.081607048373309,,,1.2653274536132812
imdb_wiki,1,sourcewise_quantile,mondrian_dis,0.49163490533828735,11.671678247797837,8.899415969848633,0.9551249362570118,46.9614372253418,0.5217937469482422,0.5112774228185799,0.9798458218574524,8.047390893499179,,,
imdb_wiki,1,sourcewise_quantile,weighted_dis,0.49163490533828735,11.671678247797837,8.899415969848633,0.9538500764915859,46.479652404785156,0.5164405822753906,0.5109068866351207,0.9892849326133728,8.065501006399865,1.0,1.0,0.6449404954910278
imdb_wiki,1,sourcewise_quantile,difficulty_weighted,0.49163490533828735,11.671678247797837,8.899415969848633,0.9548699643039266,51.50877380371094,0.5723197089301215,0.5628480880853406,0.9834504723548889,8.38222230935733,,,0.5295582413673401
imdb_wiki,1,sourcewise_quantile,binned_weighted_dis,0.49163490533828735,11.671678247797837,8.899415969848633,0.9513003569607343,46.57049560546875,0.517449951171875,0.5124232843165373,0.9902856945991516,8.071477739216284,,,0.8302383422851562
imdb_wiki,2,xgb_point,marginal,0.7138118743896484,8.757320284729566,6.6375861167907715,0.9500254971953085,35.6087646484375,0.39565294053819444,0.3942952578666639,0.996568500995636,5.039742299118402,,,17.80438232421875
imdb_wiki,2,xgb_point,mondrian_dis,0.7138118743896484,8.757320284729566,6.6375861167907715,0.9525752167261601,35.72107696533203,0.3969008551703559,0.39139593460458855,0.9861302375793457,5.040142053144168,,,
imdb_wiki,2,xgb_point,weighted_dis,0.7138118743896484,8.757320284729566,6.6375861167907715,0.9500254971953085,35.6087646484375,0.39565294053819444,0.3942952578666639,0.996568500995636,5.039742299118402,1.0,0.0,17.80438232421875
imdb_wiki,2,xgb_point,difficulty_weighted,0.7138118743896484,8.757320284729566,6.6375861167907715,0.9505354411014788,34.035400390625,0.3781711154513889,0.37678098200897997,0.9963240623474121,4.9071109460558455,,,17.359874725341797
imdb_wiki,2,xgb_point,binned_weighted_dis,0.7138118743896484,8.757320284729566,6.6375861167907715,0.9500254971953085,35.6087646484375,0.39565294053819444,0.3942952578666639,0.996568500995636,5.039742299118402,,,17.80438232421875
imdb_wiki,2,xgb_quantile,marginal,0.6765093803405762,9.310570433746678,6.973083019256592,0.954105048444671,39.26593017578125,0.4362881130642361,0.4205562504668099,0.9639415740966797,6.31227585900927,,,2.912860870361328
imdb_wiki,2,xgb_quantile,mondrian_dis,0.6765093803405762,9.310570433746678,6.973083019256592,0.952320244773075,39.21951675415039,0.4357724083794488,0.42955575097967846,0.9857341647148132,6.306052673649823,,,
imdb_wiki,2,xgb_quantile,weighted_dis,0.6765093803405762,9.310570433746678,6.973083019256592,0.9530851606323304,38.89589309692383,0.4321765899658203,0.4261303944400652,0.9860098958015442,6.298313972572173,1.0,0.16666666666666666,2.2989819049835205
imdb_wiki,2,xgb_quantile,difficulty_weighted,0.6765093803405762,9.310570433746678,6.973083019256592,0.950790413054564,45.3027458190918,0.5033638424343533,0.49946011512543514,0.9922447204589844,6.7353282079606975,,,1.536939024925232
imdb_wiki,2,xgb_quantile,binned_weighted_dis,0.6765093803405762,9.310570433746678,6.973083019256592,0.9535951045385007,39.22935104370117,0.43588167826334634,0.422087397165266,0.9683531522750854,6.310736588623306,,,2.7571322917938232
imdb_wiki,2,sourcewise_stack,marginal,0.7134227752685547,8.763271185750217,6.649054050445557,0.9546149923508415,36.400238037109375,0.40444708930121526,0.39676081319915585,0.9809955954551697,5.07235964690595,,,18.200119018554688
imdb_wiki,2,sourcewise_stack,mondrian_dis,0.7134227752685547,8.763271185750217,6.649054050445557,0.9535951045385007,36.59600067138672,0.4066222296820747,0.3938946112072649,0.9686991572380066,5.078572983053731,,,
imdb_wiki,2,sourcewise_stack,weighted_dis,0.7134227752685547,8.763271185750217,6.649054050445557,0.9546149923508415,36.400238037109375,0.40444708930121526,0.39676081319915585,0.9809955954551697,5.07235964690595,1.0,0.0,18.200119018554688
imdb_wiki,2,sourcewise_stack,difficulty_weighted,0.7134227752685547,8.763271185750217,6.649054050445557,0.9469658337582866,34.084388732910156,0.3787154303656684,0.3854156974959753,1.0176920890808105,4.918625019270483,,,17.376869201660156
imdb_wiki,2,sourcewise_stack,binned_weighted_dis,0.7134227752685547,8.763271185750217,6.649054050445557,0.9546149923508415,36.400238037109375,0.40444708930121526,0.39676081319915585,0.9809955954551697,5.07235964690595,,,18.200119018554688
imdb_wiki,2,sourcewise_quantile,marginal,0.4917805790901184,11.670005393268088,8.911750793457031,0.9497705252422234,46.64961242675781,0.5183290269639756,0.5183458955343465,1.0000325441360474,8.097932896009691,,,1.1644134521484375
imdb_wiki,2,sourcewise_quantile,mondrian_dis,0.4917805790901184,11.670005393268088,8.911750793457031,0.9492605813360531,47.08832931518555,0.5232036590576172,0.5245061471476675,1.002489447593689,8.062657715941784,,,
imdb_wiki,2,sourcewise_quantile,weighted_dis,0.4917805790901184,11.670005393268088,8.911750793457031,0.9502804691483937,46.340824127197266,0.5148980458577473,0.5135738201409973,0.9974281787872314,8.079417167228385,1.0,5.333333333333333,0.29411014914512634
imdb_wiki,2,sourcewise_quantile,difficulty_weighted,0.4917805790901184,11.670005393268088,8.911750793457031,0.9502804691483937,50.12763595581055,0.5569737328423394,0.5562692001857663,0.9987350702285767,8.319134270830165,,,0.4911302626132965
imdb_wiki,2,sourcewise_quantile,binned_weighted_dis,0.4917805790901184,11.670005393268088,8.911750793457031,0.9492605813360531,46.47969055175781,0.5164410061306424,0.5176177512343808,1.0022785663604736,8.089556603827276,,,0.7330894470214844
imdb_wiki,3,xgb_point,marginal,0.7130804061889648,8.768505473136337,6.631374835968018,0.9495155532891382,35.7158088684082,0.3968423207600911,0.3994525951623018,1.0065776109695435,5.05299278178685,,,17.85790252685547
imdb_wiki,3,xgb_point,mondrian_dis,0.7130804061889648,8.768505473136337,6.631374835968018,0.9482406935237124,35.62507247924805,0.39583413865831163,0.4014770559701699,1.0142557621002197,5.0427126619013425,,,
imdb_wiki,3,xgb_point,weighted_dis,0.7130804061889648,8.768505473136337,6.631374835968018,0.9495155532891382,35.7158088684082,0.3968423207600911,0.3994525951623018,1.0065776109695435,5.05299278178685,1.0,0.0,17.85790252685547
imdb_wiki,3,xgb_point,difficulty_weighted,0.7130804061889648,8.768505473136337,6.631374835968018,0.9510453850076491,34.718997955322266,0.3857666439480252,0.3834958994639742,0.9941136837005615,4.955935692029374,,,18.002437591552734
imdb_wiki,3,xgb_point,binned_weighted_dis,0.7130804061889648,8.768505473136337,6.631374835968018,0.9495155532891382,35.7158088684082,0.3968423207600911,0.3994525951623018,1.0065776109695435,5.05299278178685,,,17.85790252685547
imdb_wiki,3,xgb_quantile,marginal,0.6790122985839844,9.274481877664169,6.939794540405273,0.9518103008669047,39.161293029785156,0.435125478108724,0.42964751157013176,0.9874106049537659,6.298684842831942,,,2.8358230590820312
imdb_wiki,3,xgb_quantile,mondrian_dis,0.6790122985839844,9.274481877664169,6.939794540405273,0.9569097399286078,39.53866958618164,0.4393185509575738,0.42515629413900213,0.9677631258964539,6.301795393866125,,,
imdb_wiki,3,xgb_quantile,weighted_dis,0.6790122985839844,9.274481877664169,6.939794540405273,0.9518103008669047,39.0832633972168,0.43425848219129776,0.4261189518101067,0.9812564849853516,6.292086997240492,1.0,0.08333333333333333,2.5313892364501953
imdb_wiki,3,xgb_quantile,difficulty_weighted,0.6790122985839844,9.274481877664169,6.939794540405273,0.9515553289138194,45.207855224609375,0.5023095024956598,0.4961704893465342,0.9877784252166748,6.7334218621328965,,,1.6680458784103394
imdb_wiki,3,xgb_quantile,binned_weighted_dis,0.6790122985839844,9.274481877664169,6.939794540405273,0.9515553289138194,39.16387176513672,0.4351541307237413,0.42959485344181303,0.9872245788574219,6.2977265486625,,,2.7017416954040527
imdb_wiki,3,sourcewise_stack,marginal,0.7066781520843506,8.86579396056944,6.654712200164795,0.9533401325854156,36.782684326171875,0.4086964925130208,0.4015548586855099,0.9825258255004883,5.122830418487988,,,18.391342163085938
imdb_wiki,3,sourcewise_stack,mondrian_dis,0.7066781520843506,8.86579396056944,6.654712200164795,0.9551249362570118,36.88380432128906,0.4098200480143229,0.39507245661846657,0.96401447057724,5.119277074700916,,,
imdb_wiki,3,sourcewise_stack,weighted_dis,0.7066781520843506,8.86579396056944,6.654712200164795,0.9533401325854156,36.782684326171875,0.4086964925130208,0.4015548586855099,0.9825258255004883,5.122830418487988,1.0,0.0,18.391342163085938
imdb_wiki,3,sourcewise_stack,difficulty_weighted,0.7066781520843506,8.86579396056944,6.654712200164795,0.9474757776644569,34.311134338378906,0.3812348259819878,0.3874353964124667,1.0162644386291504,4.968973113738897,,,17.99713134765625
imdb_wiki,3,sourcewise_stack,binned_weighted_dis,0.7066781520843506,8.86579396056944,6.654712200164795,0.9533401325854156,36.782684326171875,0.4086964925130208,0.4015548586855099,0.9825258255004883,5.122830418487988,,,18.391342163085938
imdb_wiki,3,sourcewise_quantile,marginal,0.4952031373977661,11.630644053684888,8.8909273147583,0.9543600203977562,47.09041213989258,0.523226801554362,0.5166459923738406,0.9874226450920105,8.103703253373867,,,1.3428497314453125
imdb_wiki,3,sourcewise_quantile,mondrian_dis,0.4952031373977661,11.630644053684888,8.8909273147583,0.9513003569607343,46.95969772338867,0.521774419148763,0.5194817139597944,0.9956059455871582,8.070776732044365,,,
imdb_wiki,3,sourcewise_quantile,weighted_dis,0.4952031373977661,11.630644053684888,8.8909273147583,0.9513003569607343,46.59357833862305,0.5177064259847005,0.515314305632387,0.9953793883323669,8.083202503269915,1.0,16000.0,0.00604098429903388
imdb_wiki,3,sourcewise_quantile,difficulty_weighted,0.4952031373977661,11.630644053684888,8.8909273147583,0.9546149923508415,49.356849670410156,0.5484094407823351,0.5415026826652493,0.9874058365821838,8.25772315226857,,,0.6071968078613281
imdb_wiki,3,sourcewise_quantile,binned_weighted_dis,0.4952031373977661,11.630644053684888,8.8909273147583,0.9530851606323304,46.8543701171875,0.5206041124131945,0.5117963129735371,0.983081579208374,8.086566857174242,,,0.5223197937011719
imdb_wiki,4,xgb_point,marginal,0.7147928476333618,8.742298769818023,6.617544174194336,0.9495155532891382,35.651214599609375,0.3961246066623264,0.3961582757579082,1.0000849962234497,5.035382058489441,,,17.825607299804688
imdb_wiki,4,xgb_point,mondrian_dis,0.7147928476333618,8.742298769818023,6.617544174194336,0.9497705252422234,35.65510177612305,0.3961677975124783,0.3962669267371338,1.000250220298767,5.029007262650718,,,
imdb_wiki,4,xgb_point,weighted_dis,0.7147928476333618,8.742298769818023,6.617544174194336,0.9495155532891382,35.651214599609375,0.3961246066623264,0.3961582757579082,1.0000849962234497,5.035382058489441,1.0,0.0,17.825607299804688
imdb_wiki,4,xgb_point,difficulty_weighted,0.7147928476333618,8.742298769818023,6.617544174194336,0.9518103008669047,34.89257049560547,0.38769522772894965,0.38438774034548767,0.9914688467979431,4.945485114138449,,,17.816646575927734
imdb_wiki,4,xgb_point,binned_weighted_dis,0.7147928476333618,8.742298769818023,6.617544174194336,0.9495155532891382,35.651214599609375,0.3961246066623264,0.3961582757579082,1.0000849962234497,5.035382058489441,,,17.825607299804688
imdb_wiki,4,xgb_quantile,marginal,0.6800960302352905,9.258812083431064,6.921449184417725,0.9477307496175421,38.36351013183594,0.426261223687066,0.43423668014436567,1.0187102556228638,6.2874985894415625,,,2.3787498474121094
imdb_wiki,4,xgb_quantile,mondrian_dis,0.6800960302352905,9.258812083431064,6.921449184417725,0.9518103008669047,39.0838623046875,0.43426513671875,0.4291661784918688,0.988258421421051,6.291807515844467,,,
imdb_wiki,4,xgb_quantile,weighted_dis,0.6800960302352905,9.258812083431064,6.921449184417725,0.9484956654767975,38.21346664428711,0.4245940738254123,0.4280299591259791,1.0080921649932861,6.2808559862328215,1.0,0.08333333333333333,2.089721441268921
imdb_wiki,4,xgb_quantile,difficulty_weighted,0.6800960302352905,9.258812083431064,6.921449184417725,0.9484956654767975,43.825401306152344,0.4869489034016927,0.4886607634816149,1.0035154819488525,6.639410458109056,,,1.3918346166610718
imdb_wiki,4,xgb_quantile,binned_weighted_dis,0.6800960302352905,9.258812083431064,6.921449184417725,0.9479857215706272,38.32695388793945,0.42585504319932727,0.4325305022153518,1.01567542552948,6.286156382630888,,,2.2484171390533447
imdb_wiki,4,sourcewise_stack,marginal,0.7103697061538696,8.809827899962242,6.625820636749268,0.9472208057113718,35.543697357177734,0.39492997063530816,0.401360864676235,1.016283631324768,5.0530607574245705,,,17.771846771240234
imdb_wiki,4,sourcewise_stack,mondrian_dis,0.7103697061538696,8.809827899962242,6.625820636749268,0.9492605813360531,35.44572448730469,0.3938413831922743,0.3950147463830136,1.0029792785644531,5.04373183700124,,,
imdb_wiki,4,sourcewise_stack,weighted_dis,0.7103697061538696,8.809827899962242,6.625820636749268,0.9472208057113718,35.543697357177734,0.39492997063530816,0.401360864676235,1.016283631324768,5.0530607574245705,1.0,0.0,17.771846771240234
imdb_wiki,4,sourcewise_stack,difficulty_weighted,0.7103697061538696,8.809827899962242,6.625820636749268,0.9439061703212647,33.91727066040039,0.3768585628933377,0.39301967271304017,1.0428837537765503,4.93700837296295,,,17.208831787109375
imdb_wiki,4,sourcewise_stack,binned_weighted_dis,0.7103697061538696,8.809827899962242,6.625820636749268,0.9472208057113718,35.543697357177734,0.39492997063530816,0.401360864676235,1.016283631324768,5.0530607574245705,,,17.771846771240234
imdb_wiki,4,sourcewise_quantile,marginal,0.4878620505332947,11.71490952694938,8.894224166870117,0.9490056093829679,46.45246505737305,0.5161385006374783,0.5172377073609167,1.0021296739578247,8.127322493134807,,,0.9567527770996094
imdb_wiki,4,sourcewise_quantile,mondrian_dis,0.4878620505332947,11.71490952694938,8.894224166870117,0.9495155532891382,46.948829650878906,0.5216536627875434,0.5277161722748336,1.0116217136383057,8.094434737116266,,,
imdb_wiki,4,sourcewise_quantile,weighted_dis,0.4878620505332947,11.71490952694938,8.894224166870117,0.9459459459459459,46.075706481933594,0.5119522942437066,0.5195950146817268,1.0149285793304443,8.113227370127069,1.0,10.0,0.16629424691200256
imdb_wiki,4,sourcewise_quantile,difficulty_weighted,0.4878620505332947,11.71490952694938,8.894224166870117,0.9467108618052015,51.230125427246094,0.56922361585829,0.5741597867595879,1.008671760559082,8.477745158678623,,,0.38277268409729004
imdb_wiki,4,sourcewise_quantile,binned_weighted_dis,0.4878620505332947,11.71490952694938,8.894224166870117,0.9456909739928608,46.014122009277344,0.5112680223253038,0.5199970411834328,1.0170732736587524,8.11540299954151,,,0.23381710052490234
mercari,0,xgb_point,marginal,0.35633617639541626,0.6005079265265089,0.45678046345710754,0.9502,2.3379430770874023,0.3128491142447353,0.3126698208367311,0.9994269013404846,0.3415641122071658,,,1.1689715385437012
mercari,0,xgb_point,mondrian_dis,0.35633617639541626,0.6005079265265089,0.45678046345710754,0.9508,2.347231388092041,0.3140920187016954,0.3123432767545865,0.9944323897361755,0.3415690634883207,,,
mercari,0,xgb_point,weighted_dis,0.35633617639541626,0.6005079265265089,0.45678046345710754,0.9493,2.325686454772949,0.31120900868686785,0.31220548795653086,1.003201961517334,0.34044861859015674,1.0,0.08333333333333333,1.0975669622421265
mercari,0,xgb_point,difficulty_weighted,0.35633617639541626,0.6005079265265089,0.45678046345710754,0.949,2.4115827083587646,0.32270311524344886,0.3252086533016012,1.007764220237732,0.34282472017953713,,,1.2086236476898193
mercari,0,xgb_point,binned_weighted_dis,0.35633617639541626,0.6005079265265089,0.45678046345710754,0.952,2.3584842681884766,0.3155978096704207,0.3110708255220236,0.9856558442115784,0.3418729439657435,,,1.1241450309753418
mercari,0,xgb_quantile,marginal,0.3020923137664795,0.6252996441664873,0.46763646602630615,0.9472,2.494837999343872,0.33384382448318234,0.33749614073211126,1.0109401941299438,0.3945382996121883,,,0.1350090503692627
mercari,0,xgb_quantile,mondrian_dis,0.3020923137664795,0.6252996441664873,0.46763646602630615,0.9465,2.503195285797119,0.33496214498037985,0.3404212169371154,1.0162975788116455,0.3944450487691674,,,
mercari,0,xgb_quantile,weighted_dis,0.3020923137664795,0.6252996441664873,0.46763646602630615,0.9483,2.51141357421875,0.3360618656187959,0.33875377123631784,1.0080101490020752,0.3942841932583966,1.0,1.0,0.0964454635977745
mercari,0,xgb_quantile,difficulty_weighted,0.3020923137664795,0.6252996441664873,0.46763646602630615,0.9483,2.6983885765075684,0.3610817065316196,0.36355877650148527,1.0068601369857788,0.4079485981832275,,,0.10622043907642365
mercari,0,xgb_quantile,binned_weighted_dis,0.3020923137664795,0.6252996441664873,0.46763646602630615,0.9472,2.494837999343872,0.33384382448318234,0.33749614073211126,1.0109401941299438,0.3945382996121883,,,0.1350090503692627
mercari,0,sourcewise_stack,marginal,0.3613348603248596,0.5981716103165693,0.45432862639427185,0.9504,2.340594530105591,0.3132039153245098,0.31257770224269427,0.9980006217956543,0.34024151314067597,,,1.1702971458435059
mercari,0,sourcewise_stack,mondrian_dis,0.3613348603248596,0.5981716103165693,0.45432862639427185,0.9464,2.32702374458313,0.31138795655634494,0.3181718095179497,1.021785855293274,0.3398578179870537,,,
mercari,0,sourcewise_stack,weighted_dis,0.3613348603248596,0.5981716103165693,0.45432862639427185,0.9504,2.340594530105591,0.3132039153245098,0.31257770224269427,0.9980006217956543,0.34024151314067597,1.0,0.0,1.1702971458435059
mercari,0,sourcewise_stack,difficulty_weighted,0.3613348603248596,0.5981716103165693,0.45432862639427185,0.949,2.3425328731536865,0.3134632924289578,0.31513691860642473,1.0053391456604004,0.3392222505548488,,,1.17274010181427
mercari,0,sourcewise_stack,binned_weighted_dis,0.3613348603248596,0.5981716103165693,0.45432862639427185,0.9504,2.340594530105591,0.3132039153245098,0.31257770224269427,0.9980006217956543,0.34024151314067597,,,1.1702971458435059
mercari,0,sourcewise_quantile,marginal,0.27510058879852295,0.6372767384719735,0.47692716121673584,0.9495,2.470226764678955,0.33055050094556193,0.33108762628010957,1.0016249418258667,0.3846211850133603,,,0.05819416046142578
mercari,0,sourcewise_quantile,mondrian_dis,0.27510058879852295,0.6372767384719735,0.47692716121673584,0.9501,2.482450246810913,0.33218617188872857,0.3320703626317352,0.9996513724327087,0.3846287901555888,,,
mercari,0,sourcewise_quantile,weighted_dis,0.27510058879852295,0.6372767384719735,0.47692716121673584,0.9493,2.4611408710479736,0.3293346827323505,0.3307891388222268,1.0044163465499878,0.38421835854097625,1.0,1.0,0.03610960394144058
mercari,0,sourcewise_quantile,difficulty_weighted,0.27510058879852295,0.6372767384719735,0.47692716121673584,0.9498,2.4958088397979736,0.33397373636132655,0.33406204108926824,1.0002644062042236,0.3862190193810552,,,0.038160890340805054
mercari,0,sourcewise_quantile,binned_weighted_dis,0.27510058879852295,0.6372767384719735,0.47692716121673584,0.9495,2.464627742767334,0.32980127438703094,0.33067773205556306,1.0026575326919556,0.3843978853060884,,,0.03781600669026375
mercari,1,xgb_point,marginal,0.3681851625442505,0.5949549745305079,0.45294564962387085,0.9508,2.340830087661743,0.3132354361829593,0.312082938042616,0.9963206648826599,0.3395291997582323,,,1.170414924621582
mercari,1,xgb_point,mondrian_dis,0.3681851625442505,0.5949549745305079,0.45294564962387085,0.9509,2.351736545562744,0.314694871071394,0.31350233973496094,0.996210515499115,0.3398012569119137,,,
mercari,1,xgb_point,weighted_dis,0.3681851625442505,0.5949549745305079,0.45294564962387085,0.9508,2.340830087661743,0.3132354361829593,0.312082938042616,0.9963206648826599,0.3395291997582323,1.0,0.0,1.170414924621582
mercari,1,xgb_point,difficulty_weighted,0.3681851625442505,0.5949549745305079,0.45294564962387085,0.949,2.336792230606079,0.31269511507091363,0.31416718800473836,1.00470769405365,0.33789994615310653,,,1.1781227588653564
mercari,1,xgb_point,binned_weighted_dis,0.3681851625442505,0.5949549745305079,0.45294564962387085,0.9508,2.340830087661743,0.3132354361829593,0.312082938042616,0.9963206648826599,0.3395291997582323,,,1.170414924621582
mercari,1,xgb_quantile,marginal,0.3171008229255676,0.6185395846316316,0.46442022919654846,0.9496,2.510591506958008,0.33595186165125146,0.33636095792404996,1.0012177228927612,0.39432435467833765,,,0.14215314388275146
mercari,1,xgb_quantile,mondrian_dis,0.3171008229255676,0.6185395846316316,0.46442022919654846,0.9491,2.5309927463531494,0.3386818296033438,0.3395421596017199,1.0025402307510376,0.3944717799757489,,,
mercari,1,xgb_quantile,weighted_dis,0.3171008229255676,0.6185395846316316,0.46442022919654846,0.9486,2.5040030479431152,0.3350702347257513,0.336658347731206,1.0047396421432495,0.39394540615179846,1.0,0.16666666666666666,0.1249164342880249
mercari,1,xgb_quantile,difficulty_weighted,0.3171008229255676,0.6185395846316316,0.46442022919654846,0.9518,2.7504024505615234,0.3680418821602278,0.3650083233341075,0.9917575716972351,0.4086581234643165,,,0.1166277751326561
mercari,1,xgb_quantile,binned_weighted_dis,0.3171008229255676,0.6185395846316316,0.46442022919654846,0.9496,2.510150671005249,0.3358928717046187,0.3363973552006417,1.0015019178390503,0.394277004490592,,,0.13530795276165009
mercari,1,sourcewise_stack,marginal,0.37429916858673096,0.5920693050586605,0.44892212748527527,0.9483,2.3294296264648438,0.3117098968221487,0.3145285711747283,1.0090426206588745,0.33745936703393425,,,1.1647148132324219
mercari,1,sourcewise_stack,mondrian_dis,0.37429916858673096,0.5920693050586605,0.44892212748527527,0.9488,2.34273624420166,0.31349050628751796,0.3156357126831944,1.0068429708480835,0.3377973400171169,,,
mercari,1,sourcewise_stack,weighted_dis,0.37429916858673096,0.5920693050586605,0.44892212748527527,0.9482,2.319971799850464,0.31044430883243807,0.3132821814489911,1.0091413259506226,0.33665165439278016,1.0,0.08333333333333333,1.094545841217041
mercari,1,sourcewise_stack,difficulty_weighted,0.37429916858673096,0.5920693050586605,0.44892212748527527,0.9495,2.357738971710205,0.3154980786952049,0.31644958172084514,1.0030158758163452,0.3374826966717434,,,1.1848137378692627
mercari,1,sourcewise_stack,binned_weighted_dis,0.37429916858673096,0.5920693050586605,0.44892212748527527,0.948,2.3194327354431152,0.31037217456021704,0.3156167437425607,1.0168976783752441,0.3370251241159913,,,1.105586051940918
mercari,1,sourcewise_quantile,marginal,0.2882687449455261,0.6314619747079108,0.47422608733177185,0.9497,2.459645986557007,0.329134646515267,0.33018636501252446,1.0031954050064087,0.3830217046027888,,,0.05339241027832031
mercari,1,sourcewise_quantile,mondrian_dis,0.2882687449455261,0.6314619747079108,0.47422608733177185,0.95,2.4698426723480225,0.3304991040802156,0.33038910329121796,0.9996671676635742,0.38309062876709193,,,
mercari,1,sourcewise_quantile,weighted_dis,0.2882687449455261,0.6314619747079108,0.47422608733177185,0.9507,2.46185302734375,0.3294299790928654,0.3281511938153556,0.9961181879043579,0.3827863648463694,1.0,2.5,0.028074830770492554
mercari,1,sourcewise_quantile,difficulty_weighted,0.2882687449455261,0.6314619747079108,0.47422608733177185,0.9511,2.5344104766845703,0.33913916918418785,0.33701851036332364,0.9937469363212585,0.3877075977877371,,,0.0397784560918808
mercari,1,sourcewise_quantile,binned_weighted_dis,0.2882687449455261,0.6314619747079108,0.47422608733177185,0.9501,2.465297222137451,0.3298908599847296,0.32955076826067387,0.9989690780639648,0.38304569828673823,,,0.03838610649108887
mercari,2,xgb_point,marginal,0.35744619369506836,0.5999899038816427,0.4563325047492981,0.9495,2.346644639968872,0.3140135036888976,0.3149147110288174,1.002869963645935,0.3415327975725867,,,1.1733222007751465
mercari,2,xgb_point,mondrian_dis,0.35744619369506836,0.5999899038816427,0.4563325047492981,0.9504,2.3608100414276123,0.3159090302920554,0.31439866676465095,0.9952189922332764,0.34165553539408117,,,
mercari,2,xgb_point,weighted_dis,0.35744619369506836,0.5999899038816427,0.4563325047492981,0.9495,2.346644639968872,0.3140135036888976,0.3149147110288174,1.002869963645935,0.3415327975725867,1.0,0.0,1.1733222007751465
mercari,2,xgb_point,difficulty_weighted,0.35744619369506836,0.5999899038816427,0.4563325047492981,0.9505,2.3710851669311523,0.3172839841752529,0.3162075359505143,0.9966073036193848,0.341184333427477,,,1.1930549144744873
mercari,2,xgb_point,binned_weighted_dis,0.35744619369506836,0.5999899038816427,0.4563325047492981,0.9495,2.346644639968872,0.3140135036888976,0.3149147110288174,1.002869963645935,0.3415327975725867,,,1.1733222007751465
mercari,2,xgb_quantile,marginal,0.30414408445358276,0.6243798039798533,0.46650487184524536,0.9514,2.544434070587158,0.3404804646608426,0.33818742106516925,0.9932652711868286,0.3963326689791704,,,0.1627974510192871
mercari,2,xgb_quantile,mondrian_dis,0.30414408445358276,0.6243798039798533,0.46650487184524536,0.9523,2.551234483718872,0.3413904539782067,0.33725843530739885,0.9878965020179749,0.39624002793005086,,,
mercari,2,xgb_quantile,weighted_dis,0.30414408445358276,0.6243798039798533,0.46650487184524536,0.9519,2.5444562435150146,0.3404834317052108,0.3375638193013765,0.991425096988678,0.3961455093352978,1.0,0.08333333333333333,0.15355052053928375
mercari,2,xgb_quantile,difficulty_weighted,0.30414408445358276,0.6243798039798533,0.46650487184524536,0.9508,2.7076663970947266,0.3623232072256527,0.36140854565154956,0.9974755644798279,0.4066471079877327,,,0.11647138744592667
mercari,2,xgb_quantile,binned_weighted_dis,0.30414408445358276,0.6243798039798533,0.46650487184524536,0.9514,2.543027400970459,0.3402922328138262,0.3371681035337588,0.9908192753791809,0.39625535797516226,,,0.1542889028787613
mercari,2,sourcewise_stack,marginal,0.36759090423583984,0.5952346961174141,0.4513922929763794,0.949,2.3317301273345947,0.3120177356512777,0.31376696151475925,1.0056061744689941,0.3388564527195617,,,1.1658649444580078
mercari,2,sourcewise_stack,mondrian_dis,0.36759090423583984,0.5952346961174141,0.4513922929763794,0.9501,2.342015266418457,0.31339402948999634,0.3130418977149798,0.9988763928413391,0.3389158205817872,,,
mercari,2,sourcewise_stack,weighted_dis,0.36759090423583984,0.5952346961174141,0.4513922929763794,0.9489,2.3287136554718018,0.31161409000238766,0.3141632116306893,1.0081803798675537,0.3382797525228202,1.0,0.08333333333333333,1.0981464385986328
mercari,2,sourcewise_stack,difficulty_weighted,0.36759090423583984,0.5952346961174141,0.4513922929763794,0.9474,2.346620559692383,0.3140102814149063,0.3193858765640501,1.0171191692352295,0.3380806599663192,,,1.1638203859329224
mercari,2,sourcewise_stack,binned_weighted_dis,0.36759090423583984,0.5952346961174141,0.4513922929763794,0.9489,2.3318207263946533,0.3120298590583737,0.31367831220624875,1.005282998085022,0.33865621174353017,,,1.1097686290740967
mercari,2,sourcewise_quantile,marginal,0.27811580896377563,0.6359499871529969,0.47544756531715393,0.9517,2.499032974243164,0.33440517013542864,0.3321221871079125,0.9931730031967163,0.387372293626044,,,0.0776529312133789
mercari,2,sourcewise_quantile,mondrian_dis,0.27811580896377563,0.6359499871529969,0.47544756531715393,0.9516,2.49912428855896,0.3344173892536333,0.3320826369788418,0.9930184483528137,0.3872864190125504,,,
mercari,2,sourcewise_quantile,weighted_dis,0.27811580896377563,0.6359499871529969,0.47544756531715393,0.9533,2.511113166809082,0.33602166695316193,0.3312979965833241,0.9859423637390137,0.3872112789656903,1.0,16.0,0.020183676853775978
mercari,2,sourcewise_quantile,difficulty_weighted,0.27811580896377563,0.6359499871529969,0.47544756531715393,0.951,2.6299922466278076,0.3519293317667339,0.3495838936175498,0.993335485458374,0.39807508989543594,,,0.050157319754362106
mercari,2,sourcewise_quantile,binned_weighted_dis,0.27811580896377563,0.6359499871529969,0.47544756531715393,0.9528,2.5114052295684814,0.33606074898919497,0.3314897046049489,0.9863981604576111,0.38742229653732474,,,0.043427467346191406
mercari,3,xgb_point,marginal,0.368862509727478,0.5946359800311741,0.45374414324760437,0.9462,2.28578782081604,0.3058700197203168,0.3125968493037378,1.0219924449920654,0.33776857072927574,,,1.1428940296173096
mercari,3,xgb_point,mondrian_dis,0.368862509727478,0.5946359800311741,0.45374414324760437,0.9495,2.3116953372955322,0.30933680369051825,0.3097654851049916,1.0013858079910278,0.33817215521200544,,,
mercari,3,xgb_point,weighted_dis,0.368862509727478,0.5946359800311741,0.45374414324760437,0.9481,2.289263963699341,0.3063351757083675,0.3092570172992014,1.0095380544662476,0.33707183736360735,1.0,0.08333333333333333,1.079554796218872
mercari,3,xgb_point,difficulty_weighted,0.368862509727478,0.5946359800311741,0.45374414324760437,0.9534,2.3700337409973145,0.3171432888455339,0.3096648753018378,0.9764194488525391,0.3389246107527379,,,1.174765944480896
mercari,3,xgb_point,binned_weighted_dis,0.368862509727478,0.5946359800311741,0.45374414324760437,0.9469,2.2823729515075684,0.3054130629839074,0.3106429736268233,1.017124056816101,0.3374109179200352,,,1.086403250694275
mercari,3,xgb_quantile,marginal,0.31372857093811035,0.6200648969095046,0.46575284004211426,0.9499,2.5053253173828125,0.3352471726619467,0.3355409522695095,1.0008763074874878,0.39350882004003007,,,0.13788270950317383
mercari,3,xgb_quantile,mondrian_dis,0.31372857093811035,0.6200648969095046,0.46575284004211426,0.9503,2.517902135848999,0.3369301248927876,0.33590024897864595,0.9969433546066284,0.39356900915790977,,,
mercari,3,xgb_quantile,weighted_dis,0.31372857093811035,0.6200648969095046,0.46575284004211426,0.9499,2.5053253173828125,0.3352471726619467,0.3355409522695095,1.0008763074874878,0.39350882004003007,1.0,0.0,0.13788270950317383
mercari,3,xgb_quantile,difficulty_weighted,0.31372857093811035,0.6200648969095046,0.46575284004211426,0.9517,2.611556053161621,0.34946231413381257,0.3470576644355036,0.9931190013885498,0.3984338326059207,,,0.11286643147468567
mercari,3,xgb_quantile,binned_weighted_dis,0.31372857093811035,0.6200648969095046,0.46575284004211426,0.9499,2.5053253173828125,0.3352471726619467,0.3355409522695095,1.0008763074874878,0.39350882004003007,,,0.13788270950317383
mercari,3,sourcewise_stack,marginal,0.37928617000579834,0.589705141467703,0.4486086964607239,0.9493,2.2932355403900146,0.30686662759101135,0.3084015811487076,1.0050020217895508,0.3356205519159308,,,1.1466176509857178
mercari,3,sourcewise_stack,mondrian_dis,0.37928617000579834,0.589705141467703,0.4486086964607239,0.9475,2.2943499088287354,0.3070157454982918,0.31107506468217216,1.0132218599319458,0.3354057243447756,,,
mercari,3,sourcewise_stack,weighted_dis,0.37928617000579834,0.589705141467703,0.4486086964607239,0.9493,2.2932355403900146,0.30686662759101135,0.3084015811487076,1.0050020217895508,0.3356205519159308,1.0,0.0,1.1466176509857178
mercari,3,sourcewise_stack,difficulty_weighted,0.37928617000579834,0.589705141467703,0.4486086964607239,0.9494,2.3208556175231934,0.3105625758590295,0.31103205113126403,1.0015116930007935,0.33534183600636736,,,1.1584172248840332
mercari,3,sourcewise_stack,binned_weighted_dis,0.37928617000579834,0.589705141467703,0.4486086964607239,0.9493,2.2932355403900146,0.30686662759101135,0.3084015811487076,1.0050020217895508,0.3356205519159308,,,1.1466176509857178
mercari,3,sourcewise_quantile,marginal,0.2905438542366028,0.630451932964074,0.47338125109672546,0.9518,2.4789600372314453,0.3317191335822077,0.32761695742134556,0.9876335859298706,0.38468643969104904,,,0.06446695327758789
mercari,3,sourcewise_quantile,mondrian_dis,0.2905438542366028,0.630451932964074,0.47338125109672546,0.9509,2.473768472671509,0.3310244304519057,0.3293737887228384,0.9950135350227356,0.3844315463689195,,,
mercari,3,sourcewise_quantile,weighted_dis,0.2905438542366028,0.630451932964074,0.47338125109672546,0.9511,2.469461441040039,0.33044809005930387,0.3272640154314933,0.9903643727302551,0.3844010474793151,1.0,0.16666666666666666,0.05367400124669075
mercari,3,sourcewise_quantile,difficulty_weighted,0.2905438542366028,0.630451932964074,0.47338125109672546,0.9515,2.4657347202301025,0.329949403279522,0.327705434026006,0.9931990504264832,0.3843372564887866,,,0.038542959839105606
mercari,3,sourcewise_quantile,binned_weighted_dis,0.2905438542366028,0.630451932964074,0.47338125109672546,0.9518,2.4789600372314453,0.3317191335822077,0.32761695742134556,0.9876335859298706,0.38468643969104904,,,0.06446695327758789
mercari,4,xgb_point,marginal,0.37022864818573,0.5939920584520252,0.45318055152893066,0.9516,2.3475193977355957,0.31413055837477943,0.3114736176388995,0.9915419220924377,0.339247007361952,,,1.1737596988677979
mercari,4,xgb_point,mondrian_dis,0.37022864818573,0.5939920584520252,0.45318055152893066,0.9515,2.3464274406433105,0.3139844394155701,0.3107682223824888,0.9897567629814148,0.33896844960945216,,,
mercari,4,xgb_point,weighted_dis,0.37022864818573,0.5939920584520252,0.45318055152893066,0.9532,2.353670835494995,0.31495370581289295,0.3084386202017838,0.9793141484260559,0.33867859728540695,1.0,0.08333333333333333,1.107953667640686
mercari,4,xgb_point,difficulty_weighted,0.37022864818573,0.5939920584520252,0.45318055152893066,0.9532,2.401982069015503,0.3214184169357106,0.31537229575341347,0.9811892509460449,0.33974785156453374,,,1.2113385200500488
mercari,4,xgb_point,binned_weighted_dis,0.37022864818573,0.5939920584520252,0.45318055152893066,0.9516,2.3391215801239014,0.3130068142480916,0.310970477125082,0.9934942722320557,0.3388031708772612,,,1.1143543720245361
mercari,4,xgb_quantile,marginal,0.30844050645828247,0.6224492953228844,0.4670122563838959,0.9497,2.5120866298675537,0.33615192977203784,0.3371339047360681,1.002921223640442,0.39323662887498123,,,0.1414961814880371
mercari,4,xgb_quantile,mondrian_dis,0.30844050645828247,0.6224492953228844,0.4670122563838959,0.9498,2.5157930850982666,0.33664790473707457,0.33701314204235955,1.0010849237442017,0.3930570738091238,,,
mercari,4,xgb_quantile,weighted_dis,0.30844050645828247,0.6224492953228844,0.4670122563838959,0.9501,2.5095057487487793,0.3358065721883171,0.335480177286286,0.9990280270576477,0.3926456343662082,1.0,0.5,0.10849568992853165
mercari,4,xgb_quantile,difficulty_weighted,0.30844050645828247,0.6224492953228844,0.4670122563838959,0.9497,3.914747953414917,0.5238474117355346,0.5257105322352802,1.0035566091537476,0.507292934098203,,,0.1060352623462677
mercari,4,xgb_quantile,binned_weighted_dis,0.30844050645828247,0.6224492953228844,0.4670122563838959,0.9495,2.504937171936035,0.3351952334336513,0.3360142604640823,1.0024434328079224,0.39301935888671885,,,0.12286615371704102
mercari,4,sourcewise_stack,marginal,0.3715539574623108,0.5933667250900636,0.45119282603263855,0.9497,2.342632293701172,0.31347659627306046,0.31413074626049103,1.0020867586135864,0.3384248505045774,,,1.1713159084320068
mercari,4,sourcewise_stack,mondrian_dis,0.3715539574623108,0.5933667250900636,0.45119282603263855,0.9509,2.355323553085327,0.3151748622812858,0.31243308104802925,0.9913007616996765,0.3386264569571759,,,
mercari,4,sourcewise_stack,weighted_dis,0.3715539574623108,0.5933667250900636,0.45119282603263855,0.9522,2.3825981616973877,0.3188245820838248,0.3132088036644542,0.9823859930038452,0.33945220004853344,1.0,0.16666666666666666,1.0675725936889648
mercari,4,sourcewise_stack,difficulty_weighted,0.3715539574623108,0.5933667250900636,0.45119282603263855,0.952,2.4206316471099854,0.32391398838271324,0.3204604884294458,0.989338219165802,0.3405690884482801,,,1.2237316370010376
mercari,4,sourcewise_stack,binned_weighted_dis,0.3715539574623108,0.5933667250900636,0.45119282603263855,0.9506,2.3498313426971436,0.3144399285816469,0.31272420358757885,0.9945435523986816,0.33850827479660284,,,1.1194565296173096
mercari,4,sourcewise_quantile,marginal,0.28047657012939453,0.6349092526435025,0.4757499098777771,0.9511,2.456798553466797,0.3287536205917218,0.3269144698906831,0.9944056868553162,0.38254995820411236,,,0.053404808044433594
mercari,4,sourcewise_quantile,mondrian_dis,0.28047657012939453,0.6349092526435025,0.4757499098777771,0.9489,2.4543120861053467,0.32842089687434317,0.3304920144978571,1.0063062906265259,0.38231822340230953,,,
mercari,4,sourcewise_quantile,weighted_dis,0.28047657012939453,0.6349092526435025,0.4757499098777771,0.9504,2.452428102493286,0.32816879381415276,0.32734561459783496,0.9974915981292725,0.38233632426483016,1.0,0.25,0.04397985339164734
mercari,4,sourcewise_quantile,difficulty_weighted,0.28047657012939453,0.6349092526435025,0.4757499098777771,0.949,2.8216469287872314,0.3775753785597673,0.37902377120210734,1.0038360357284546,0.413231607551025,,,0.03175121173262596
mercari,4,sourcewise_quantile,binned_weighted_dis,0.28047657012939453,0.6349092526435025,0.4757499098777771,0.949,2.449517250061035,0.3277792815056404,0.32883581245721555,1.0032232999801636,0.3822721943244665,,,0.02133333683013916
pawpularity,0,xgb_point,marginal,0.2434152364730835,17.657517757306923,12.776094436645508,0.9435199193141705,76.21177673339844,0.7776711911571269,0.8044069386735884,1.034379243850708,10.32188671596336,,,38.10588455200195
pawpularity,0,xgb_point,mondrian_dis,0.2434152364730835,17.657517757306923,12.776094436645508,0.9430156328794755,75.47393798828125,0.7701422243702168,0.786767387310517,1.0215871334075928,10.293473432122463,,,
pawpularity,0,xgb_point,weighted_dis,0.2434152364730835,17.657517757306923,12.776094436645508,0.9394856278366112,72.69331359863281,0.7417685061084981,0.8082788665071571,1.0896645784378052,10.135800666791054,1.0,0.16666666666666666,31.714839935302734
pawpularity,0,xgb_point,difficulty_weighted,0.2434152364730835,17.657517757306923,12.776094436645508,0.9455370650529501,80.8480453491211,0.8249800545828683,0.8508215570207409,1.031323790550232,10.51140719786838,,,40.517982482910156
pawpularity,0,xgb_point,binned_weighted_dis,0.2434152364730835,17.657517757306923,12.776094436645508,0.9399899142713061,77.35843658447266,0.789371801882374,0.8570365195813959,1.0857197046279907,10.500266317840584,,,26.032608032226562
pawpularity,0,xgb_quantile,marginal,0.23760080337524414,17.725237699779147,12.629231452941895,0.9561270801815431,88.62173461914062,0.9043034144810268,0.9043034144810268,1.0,15.510770409680573,,,0.0
pawpularity,0,xgb_quantile,mondrian_dis,0.23760080337524414,17.725237699779147,12.629231452941895,0.9470499243570348,88.74357604980469,0.9055466943857621,0.9140695294753437,1.0094118118286133,15.50470475228802,,,
pawpularity,0,xgb_quantile,weighted_dis,0.23760080337524414,17.725237699779147,12.629231452941895,0.9561270801815431,88.62173461914062,0.9043034144810268,0.9043034144810268,1.0,15.510770409680573,1.0,16000.0,0.0
pawpularity,0,xgb_quantile,difficulty_weighted,0.23760080337524414,17.725237699779147,12.629231452941895,0.9561270801815431,88.62173461914062,0.9043034144810268,0.9043034144810268,1.0,15.510770409680573,,,0.0
pawpularity,0,xgb_quantile,binned_weighted_dis,0.23760080337524414,17.725237699779147,12.629231452941895,0.9561270801815431,88.62173461914062,0.9043034144810268,0.9043034144810268,1.0,15.510770409680573,,,0.0
pawpularity,0,sourcewise_stack,marginal,0.24092835187911987,17.686513920448064,12.750718116760254,0.9470499243570348,75.33372497558594,0.7687114793427137,0.781461561405176,1.0165863037109375,10.293468186308703,,,37.66686248779297
pawpularity,0,sourcewise_stack,mondrian_dis,0.24092835187911987,17.686513920448064,12.750718116760254,0.9415027735753908,75.43302917480469,0.769724787498007,0.7957559876851742,1.0338188409805298,10.321945418226086,,,
pawpularity,0,sourcewise_stack,weighted_dis,0.24092835187911987,17.686513920448064,12.750718116760254,0.9379727685325264,72.07821655273438,0.7354920056401467,0.8000370973087619,1.0877577066421509,10.12605542143665,1.0,0.16666666666666666,31.446481704711914
pawpularity,0,sourcewise_stack,difficulty_weighted,0.24092835187911987,17.686513920448064,12.750718116760254,0.9515885022692889,78.1231918334961,0.7971754268724092,0.7867811096712521,0.9869610667228699,10.370156402485035,,,38.73744583129883
pawpularity,0,sourcewise_stack,binned_weighted_dis,0.24092835187911987,17.686513920448064,12.750718116760254,0.9425113464447806,75.31560516357422,0.7685265833017777,0.812550949821269,1.0572841167449951,10.330804771517727,,,30.159568786621094
pawpularity,0,sourcewise_quantile,marginal,0.16215574741363525,18.58157426979076,13.094260215759277,0.9601613716591024,90.25121307373047,0.9209307456503109,0.9209307456503109,1.0,15.22183374913682,,,0.0
pawpularity,0,sourcewise_quantile,mondrian_dis,0.16215574741363525,18.58157426979076,13.094260215759277,0.9480584972264247,89.02024841308594,0.908369881766183,0.9164856022204861,1.0089343786239624,15.227476859919316,,,
pawpularity,0,sourcewise_quantile,weighted_dis,0.16215574741363525,18.58157426979076,13.094260215759277,0.9601613716591024,90.25121307373047,0.9209307456503109,0.9209307456503109,1.0,15.22183374913682,1.0,0.0,0.0
pawpularity,0,sourcewise_quantile,difficulty_weighted,0.16215574741363525,18.58157426979076,13.094260215759277,0.9601613716591024,90.25121307373047,0.9209307456503109,0.9209307456503109,1.0,15.22183374913682,,,0.0
pawpularity,0,sourcewise_quantile,binned_weighted_dis,0.16215574741363525,18.58157426979076,13.094260215759277,0.9601613716591024,90.25121307373047,0.9209307456503109,0.9209307456503109,1.0,15.22183374913682,,,0.0
pawpularity,1,xgb_point,marginal,0.23793834447860718,17.721314367454696,12.786809921264648,0.9525970751386788,80.3483657836914,0.8198812835070551,0.8024342663097369,0.9787200689315796,10.50037537821922,,,40.17417907714844
pawpularity,1,xgb_point,mondrian_dis,0.23793834447860718,17.721314367454696,12.786809921264648,0.9556227937468482,80.53033447265625,0.8217381068638393,0.7838890734466466,0.9539402723312378,10.505755640333756,,,
pawpularity,1,xgb_point,weighted_dis,0.23793834447860718,17.721314367454696,12.786809921264648,0.9556227937468482,78.56615447998047,0.8016954538773517,0.775891676594293,0.9678134918212891,10.363567137480917,1.0,0.08333333333333333,36.25125503540039
pawpularity,1,xgb_point,difficulty_weighted,0.23793834447860718,17.721314367454696,12.786809921264648,0.961674230963187,90.87001037597656,0.9272450038364956,0.8310819759395989,0.8962916731834412,10.928694641987201,,,44.263160705566406
pawpularity,1,xgb_point,binned_weighted_dis,0.23793834447860718,17.721314367454696,12.786809921264648,0.9546142208774584,79.52540588378906,0.8114837335080517,0.790850294839745,0.9745731949806213,10.472830276964814,,,35.39443588256836
pawpularity,1,xgb_quantile,marginal,0.2391948103904724,17.70669818584287,12.681405067443848,0.9536056480080686,88.74055480957031,0.9055158654037787,0.9055158654037787,1.0,15.461917962627917,,,0.0
pawpularity,1,xgb_quantile,mondrian_dis,0.2391948103904724,17.70669818584287,12.681405067443848,0.9586485123550177,90.52210998535156,0.9236949998505262,0.9187614408356333,0.994658887386322,15.445674491010223,,,
pawpularity,1,xgb_quantile,weighted_dis,0.2391948103904724,17.70669818584287,12.681405067443848,0.9536056480080686,88.74055480957031,0.9055158654037787,0.9055158654037787,1.0,15.461917962627917,1.0,0.0,0.0
pawpularity,1,xgb_quantile,difficulty_weighted,0.2391948103904724,17.70669818584287,12.681405067443848,0.9536056480080686,88.74055480957031,0.9055158654037787,0.9055158654037787,1.0,15.461917962627917,,,0.0
pawpularity,1,xgb_quantile,binned_weighted_dis,0.2391948103904724,17.70669818584287,12.681405067443848,0.9536056480080686,88.74055480957031,0.9055158654037787,0.9055158654037787,1.0,15.461917962627917,,,0.0
pawpularity,1,sourcewise_stack,marginal,0.24198073148727417,17.674249329334152,12.769087791442871,0.9500756429652042,79.36485290527344,0.8098454378089126,0.8051860747340173,0.9942466020584106,10.447051611232036,,,39.68241882324219
pawpularity,1,sourcewise_stack,mondrian_dis,0.24198073148727417,17.674249329334152,12.769087791442871,0.9591527987897126,81.42698669433594,0.8308876193299586,0.7895522229516098,0.9502515196800232,10.525444659432445,,,
pawpularity,1,sourcewise_stack,weighted_dis,0.24198073148727417,17.674249329334152,12.769087791442871,0.9561270801815431,84.27465057373047,0.8599454140176579,0.8255425558439138,0.9599941372871399,10.642226919196757,1.0,0.3333333333333333,33.126853942871094
pawpularity,1,sourcewise_stack,difficulty_weighted,0.24198073148727417,17.674249329334152,12.769087791442871,0.9541099344427635,85.46271514892578,0.8720685219278141,0.8409485463603743,0.9643147587776184,10.712144854142254,,,41.45557403564453
pawpularity,1,sourcewise_stack,binned_weighted_dis,0.24198073148727417,17.674249329334152,12.769087791442871,0.9576399394856279,81.32628631591797,0.8298600644481425,0.7963835536409867,0.9596600532531738,10.53324595333009,,,36.195960998535156
pawpularity,1,sourcewise_quantile,marginal,0.17309904098510742,18.459826590569758,13.061986923217773,0.9546142208774584,87.87025451660156,0.8966352501694037,0.8845930117920906,0.9865695238113403,13.472108541022465,,,3.2888259887695312
pawpularity,1,sourcewise_quantile,mondrian_dis,0.17309904098510742,18.459826590569758,13.061986923217773,0.9455370650529501,82.48723602294922,0.8417064900300941,0.8619010650183314,1.0239924192428589,13.394254703750477,,,
pawpularity,1,sourcewise_quantile,weighted_dis,0.17309904098510742,18.459826590569758,13.061986923217773,0.9505799293998991,84.85908508300781,0.8659090314592633,0.8596673100246984,0.9927917122840881,13.409197980082729,1.0,16000.0,0.012113925069570541
pawpularity,1,sourcewise_quantile,difficulty_weighted,0.17309904098510742,18.459826590569758,13.061986923217773,0.9450327786182552,95.97871398925781,0.979374632543447,0.9918670585880043,1.0127555131912231,14.348912508155445,,,0.21344853937625885
pawpularity,1,sourcewise_quantile,binned_weighted_dis,0.17309904098510742,18.459826590569758,13.061986923217773,0.9515885022692889,85.30390167236328,0.8704479762486049,0.8681934116767545,0.9974098801612854,13.423789940499617,,,0.6358985900878906
pawpularity,2,xgb_point,marginal,0.24503093957901,17.638653600263204,12.712078094482422,0.9485627836611196,78.62085723876953,0.8022536452935667,0.8099959603604271,1.009650707244873,10.405825326985598,,,39.31043243408203
pawpularity,2,xgb_point,mondrian_dis,0.24503093957901,17.638653600263204,12.712078094482422,0.9495713565305093,77.97241973876953,0.7956369361098932,0.7962968837199678,1.0008294582366943,10.371069424381657,,,
pawpularity,2,xgb_point,weighted_dis,0.24503093957901,17.638653600263204,12.712078094482422,0.9450327786182552,75.91764068603516,0.7746698029187261,0.7919446663219732,1.0222996473312378,10.25291741990763,1.0,0.08333333333333333,35.2806510925293
pawpularity,2,xgb_point,difficulty_weighted,0.24503093957901,17.638653600263204,12.712078094482422,0.9541099344427635,82.19258880615234,0.8386998857770648,0.8183971810845574,0.975792646408081,10.459981976689816,,,40.41312789916992
pawpularity,2,xgb_point,binned_weighted_dis,0.24503093957901,17.638653600263204,12.712078094482422,0.9425113464447806,77.91219329833984,0.7950223805953045,0.8182823025939964,1.0292569398880005,10.420396081695413,,,31.317724227905273
pawpularity,2,xgb_quantile,marginal,0.2336198091506958,17.771455933493286,12.630990982055664,0.9520927887039838,82.02934265136719,0.8370341086874202,0.8330765953190871,0.9952719807624817,11.930499376112836,,,6.792313575744629
pawpularity,2,xgb_quantile,mondrian_dis,0.2336198091506958,17.771455933493286,12.630990982055664,0.9490670700958144,80.20587158203125,0.8184272610411352,0.8251189897499137,1.008176326751709,11.870069960799853,,,
pawpularity,2,xgb_quantile,weighted_dis,0.2336198091506958,17.771455933493286,12.630990982055664,0.9490670700958144,78.6464614868164,0.8025149131307796,0.8080094649706979,1.0068466663360596,11.809772839663385,1.0,25.0,0.8971228003501892
pawpularity,2,xgb_quantile,difficulty_weighted,0.2336198091506958,17.771455933493286,12.630990982055664,0.9420070600100857,910.602783203125,9.291865134725766,9.927585128061024,1.0684168338775635,80.92776060247927,,,0.801374614238739
pawpularity,2,xgb_quantile,binned_weighted_dis,0.2336198091506958,17.771455933493286,12.630990982055664,0.9480584972264247,79.3240966796875,0.8094295579559949,0.8181874180167773,1.0108197927474976,11.856096311522617,,,1.7178516387939453
pawpularity,2,sourcewise_stack,marginal,0.24281096458435059,17.664567834711082,12.81902027130127,0.9475542107917297,78.6340103149414,0.802387860356545,0.8093577409637447,1.0086864233016968,10.420551690461958,,,39.31700134277344
pawpularity,2,sourcewise_stack,mondrian_dis,0.24281096458435059,17.664567834711082,12.81902027130127,0.9480584972264247,78.11065673828125,0.7970475177375638,0.8123026312394507,1.0191395282745361,10.386646751220184,,,
pawpularity,2,sourcewise_stack,weighted_dis,0.24281096458435059,17.664567834711082,12.81902027130127,0.9445284921835603,77.06819915771484,0.7864101954868862,0.8057194413563593,1.024553656578064,10.307956230753136,1.0,0.08333333333333333,35.815338134765625
pawpularity,2,sourcewise_stack,difficulty_weighted,0.24281096458435059,17.664567834711082,12.81902027130127,0.9531013615733737,77.73422241210938,0.7932063511439732,0.7717367722047389,0.9729331731796265,10.292287124960508,,,37.422943115234375
pawpularity,2,sourcewise_stack,binned_weighted_dis,0.24281096458435059,17.664567834711082,12.81902027130127,0.9440242057488654,78.40125274658203,0.8000127831283881,0.8296834003523906,1.0370876789093018,10.45357346083434,,,31.514312744140625
pawpularity,2,sourcewise_quantile,marginal,0.16070806980133057,18.597620559590833,13.130247116088867,0.9475542107917297,84.23710632324219,0.8595623094208387,0.8623964666393272,1.003297209739685,12.773967445907065,,,3.8999176025390625
pawpularity,2,sourcewise_quantile,mondrian_dis,0.16070806980133057,18.597620559590833,13.130247116088867,0.9525970751386788,83.1042709350586,0.848002764643455,0.8428260061662429,0.9938953518867493,12.732195976063178,,,
pawpularity,2,sourcewise_quantile,weighted_dis,0.16070806980133057,18.597620559590833,13.130247116088867,0.9465456379223399,82.12372589111328,0.8379972029705437,0.8544334646005006,1.0196137428283691,12.701381233226693,1.0,16000.0,0.020401038229465485
pawpularity,2,sourcewise_quantile,difficulty_weighted,0.16070806980133057,18.597620559590833,13.130247116088867,0.9531013615733737,758.1710815429688,7.736439607581314,7.589255473856944,0.9809752106666565,68.52721051418409,,,0.7368785738945007
pawpularity,2,sourcewise_quantile,binned_weighted_dis,0.16070806980133057,18.597620559590833,13.130247116088867,0.9495713565305093,82.99886322021484,0.846927175716478,0.8499476435123161,1.0035663843154907,12.732237647248134,,,1.036073088645935
pawpularity,3,xgb_point,marginal,0.24526315927505493,17.63594051093046,12.670947074890137,0.9515885022692889,79.99897766113281,0.8163160985829879,0.8063241036245333,0.9877596497535706,10.457661156598135,,,39.999481201171875
pawpularity,3,xgb_point,mondrian_dis,0.24526315927505493,17.63594051093046,12.670947074890137,0.9551185073121533,81.77296447753906,0.8344180048728476,0.8027814015581127,0.9620854258537292,10.522462817069092,,,
pawpularity,3,xgb_point,weighted_dis,0.24526315927505493,17.63594051093046,12.670947074890137,0.9531013615733737,78.70404815673828,0.8031025322116151,0.7780257786465677,0.9687751531600952,10.345669919814764,1.0,0.08333333333333333,36.322113037109375
pawpularity,3,xgb_point,difficulty_weighted,0.24526315927505493,17.63594051093046,12.670947074890137,0.9546142208774584,85.80902099609375,0.8756022550621811,0.8243624119315465,0.9414804577827454,10.698832149543563,,,43.21229553222656
pawpularity,3,xgb_point,binned_weighted_dis,0.24526315927505493,17.63594051093046,12.670947074890137,0.9586485123550177,82.83665466308594,0.8452719863580198,0.7972913144081406,0.9432364106178284,10.572136673996198,,,39.35542678833008
pawpularity,3,xgb_quantile,marginal,0.23612266778945923,17.742412826068076,12.658988952636719,0.9470499243570348,81.08317565917969,0.8273793434610173,0.8323368486800454,1.005991816520691,11.728015147607742,,,7.875063896179199
pawpularity,3,xgb_quantile,mondrian_dis,0.23612266778945923,17.742412826068076,12.658988952636719,0.9531013615733737,82.16851806640625,0.8384542659837373,0.8335253058457037,0.9941213726997375,11.745011785665273,,,
pawpularity,3,xgb_quantile,weighted_dis,0.23612266778945923,17.742412826068076,12.658988952636719,0.957135653050933,82.76307678222656,0.8445211916553731,0.8121180097751137,0.9616312980651855,11.728371643539084,1.0,16000.0,0.05933684483170509
pawpularity,3,xgb_quantile,difficulty_weighted,0.23612266778945923,17.742412826068076,12.658988952636719,0.9520927887039838,3099.626220703125,31.62883898676658,31.287660263453365,0.9892130494117737,262.75990992066147,,,2.3155765533447266
pawpularity,3,xgb_quantile,binned_weighted_dis,0.23612266778945923,17.742412826068076,12.658988952636719,0.9576399394856279,83.88316345214844,0.8559506474709024,0.8190831027941664,0.9569279551506042,11.799108448313746,,,2.7898826599121094
pawpularity,3,sourcewise_stack,marginal,0.22844856977462769,17.831312023419997,12.910958290100098,0.9505799293998991,80.014892578125,0.8164784956951531,0.8084293487285767,0.9901416301727295,10.538298737214442,,,40.007450103759766
pawpularity,3,sourcewise_stack,mondrian_dis,0.22844856977462769,17.831312023419997,12.910958290100098,0.9515885022692889,80.84380340576172,0.8249367694465481,0.8096940990540551,0.9815226197242737,10.562024323923058,,,
pawpularity,3,sourcewise_stack,weighted_dis,0.22844856977462769,17.831312023419997,12.910958290100098,0.9520927887039838,81.46743774414062,0.831300385144292,0.805750205966767,0.969264805316925,10.55200916704911,1.0,0.08333333333333333,37.5974235534668
pawpularity,3,sourcewise_stack,difficulty_weighted,0.22844856977462769,17.831312023419997,12.910958290100098,0.9546142208774584,83.59712219238281,0.853031859105947,0.8256286206435144,0.9678754806518555,10.63402326355358,,,42.48511505126953
pawpularity,3,sourcewise_stack,binned_weighted_dis,0.22844856977462769,17.831312023419997,12.910958290100098,0.9505799293998991,80.014892578125,0.8164784956951531,0.8084293487285767,0.9901416301727295,10.538298737214442,,,40.007450103759766
pawpularity,3,sourcewise_quantile,marginal,0.1486138105392456,18.731137973576413,13.18920612335205,0.9515885022692889,86.38567352294922,0.88148646451989,0.879872677300501,0.9981692433357239,12.829580794533392,,,5.569465637207031
pawpularity,3,sourcewise_quantile,mondrian_dis,0.1486138105392456,18.731137973576413,13.18920612335205,0.9531013615733737,85.31629943847656,0.8705744840660874,0.8604450857269605,0.9883646965026855,12.798189103103237,,,
pawpularity,3,sourcewise_quantile,weighted_dis,0.1486138105392456,18.731137973576413,13.18920612335205,0.9520927887039838,84.77964782714844,0.8650984472158004,0.8543548022589675,0.9875810146331787,12.766269993360371,1.0,0.3333333333333333,3.746817111968994
pawpularity,3,sourcewise_quantile,difficulty_weighted,0.1486138105392456,18.731137973576413,13.18920612335205,0.9490670700958144,607.0447998046875,6.194334691884566,6.278805765362245,1.013636827468872,56.065594829248624,,,0.9525391459465027
pawpularity,3,sourcewise_quantile,binned_weighted_dis,0.1486138105392456,18.731137973576413,13.18920612335205,0.9525970751386788,84.03594970703125,0.8575096908880739,0.8404733899828434,0.9801328182220459,12.757627160523786,,,1.3218713998794556
pawpularity,4,xgb_point,marginal,0.24513161182403564,17.637477921783667,12.764941215515137,0.9581442259203228,82.77167510986328,0.8446089296924825,0.7972665329611934,0.9439475536346436,10.578134791543828,,,41.38583755493164
pawpularity,4,xgb_point,mondrian_dis,0.24513161182403564,17.637477921783667,12.764941215515137,0.9556227937468482,80.19071197509766,0.8182725711744658,0.7919362585997087,0.9678147435188293,10.466013579882016,,,
pawpularity,4,xgb_point,weighted_dis,0.24513161182403564,17.637477921783667,12.764941215515137,0.9520927887039838,79.4142837524414,0.8103498342085858,0.8055307853474005,0.9940531253814697,10.377749257321915,1.0,0.08333333333333333,36.60930252075195
pawpularity,4,xgb_point,difficulty_weighted,0.24513161182403564,17.637477921783667,12.764941215515137,0.9480584972264247,78.95525360107422,0.8056658530721859,0.8201947358049938,1.0180333852767944,10.399785719499025,,,40.09943771362305
pawpularity,4,xgb_point,binned_weighted_dis,0.24513161182403564,17.637477921783667,12.764941215515137,0.9591527987897126,82.22410583496094,0.8390214881118463,0.803294495732922,0.9574182629585266,10.558293620062523,,,36.50585174560547
pawpularity,4,xgb_quantile,marginal,0.23693478107452393,17.732978503661705,12.686769485473633,0.9531013615733737,89.02587890625,0.9084273357780612,0.9061602222981473,0.9975043535232544,15.453164555505161,,,0.1568012237548828
pawpularity,4,xgb_quantile,mondrian_dis,0.23693478107452393,17.732978503661705,12.686769485473633,0.9581442259203228,91.04676818847656,0.9290486549844548,0.9074030469407299,0.9767013192176819,15.445853563401702,,,
pawpularity,4,xgb_quantile,weighted_dis,0.23693478107452393,17.732978503661705,12.686769485473633,0.9531013615733737,89.02587890625,0.9084273357780612,0.9061602222981473,0.9975043535232544,15.453164555505161,1.0,0.0,0.1568012237548828
pawpularity,4,xgb_quantile,difficulty_weighted,0.23693478107452393,17.732978503661705,12.686769485473633,0.9531013615733737,91.11431121826172,0.9297378695740992,0.929524515296616,0.9997705221176147,15.6177251477231,,,0.015540394932031631
pawpularity,4,xgb_quantile,binned_weighted_dis,0.23693478107452393,17.732978503661705,12.686769485473633,0.9531013615733737,89.02587890625,0.9084273357780612,0.9061602222981473,0.9975043535232544,15.453164555505161,,,0.1568012237548828
pawpularity,4,sourcewise_stack,marginal,0.22134101390838623,17.91325499706415,13.027417182922363,0.9556227937468482,81.95101165771484,0.836234812833825,0.8105657700697734,0.9693040251731873,10.65490124307764,,,40.97550582885742
pawpularity,4,sourcewise_stack,mondrian_dis,0.22134101390838623,17.91325499706415,13.027417182922363,0.9546142208774584,79.893798828125,0.8152428451849489,0.8025854846576349,0.9844741225242615,10.56366933885712,,,
pawpularity,4,sourcewise_stack,weighted_dis,0.22134101390838623,17.91325499706415,13.027417182922363,0.9500756429652042,78.94115447998047,0.8055219844895967,0.8047129199248539,0.9989956021308899,10.475361081552505,1.0,0.08333333333333333,36.39119338989258
pawpularity,4,sourcewise_stack,difficulty_weighted,0.22134101390838623,17.91325499706415,13.027417182922363,0.9480584972264247,83.6025161743164,0.8530868997379225,0.8634596764369253,1.0121591091156006,10.711220698564263,,,42.59398651123047
pawpularity,4,sourcewise_stack,binned_weighted_dis,0.22134101390838623,17.91325499706415,13.027417182922363,0.9546142208774584,81.14962768554688,0.8280574253627232,0.7914867501286997,0.9558355808258057,10.616953388612039,,,38.60715103149414
pawpularity,4,sourcewise_quantile,marginal,0.15939879417419434,18.612120815741704,13.107137680053711,0.961674230963187,90.18980407714844,0.9203041232362086,0.9203041232362086,1.0,15.218328423148543,,,0.0
pawpularity,4,sourcewise_quantile,mondrian_dis,0.15939879417419434,18.612120815741704,13.107137680053711,0.9525970751386788,89.38433074951172,0.9120850076480788,0.8981245838585196,0.9846939444541931,15.212069129540042,,,
pawpularity,4,sourcewise_quantile,weighted_dis,0.15939879417419434,18.612120815741704,13.107137680053711,0.961674230963187,90.18980407714844,0.9203041232362086,0.9203041232362086,1.0,15.218328423148543,1.0,0.0,0.0
pawpularity,4,sourcewise_quantile,difficulty_weighted,0.15939879417419434,18.612120815741704,13.107137680053711,0.961674230963187,90.18980407714844,0.9203041232362086,0.9203041232362086,1.0,15.218328423148543,,,0.0
pawpularity,4,sourcewise_quantile,binned_weighted_dis,0.15939879417419434,18.612120815741704,13.107137680053711,0.961674230963187,90.18980407714844,0.9203041232362086,0.9203041232362086,1.0,15.218328423148543,,,0.0
sred,0,xgb_point,marginal,0.7914857864379883,0.13190939234452206,0.09671980887651443,0.9458972046889089,0.5278196334838867,0.24562883643191805,0.2527168874145604,1.0288567543029785,0.07520261501177547,,,0.26390981674194336
sred,0,xgb_point,mondrian_dis,0.7914857864379883,0.13190939234452206,0.09671980887651443,0.9431920649233544,0.5220657587051392,0.24295118392105922,0.25280360586651207,1.040553092956543,0.07469598558277638,,,
sred,0,xgb_point,weighted_dis,0.7914857864379883,0.13190939234452206,0.09671980887651443,0.9368800721370604,0.5082796216011047,0.23653559685127992,0.25201627662195325,1.0654475688934326,0.07413529850599723,1.0,0.3333333333333333,0.19932587444782257
sred,0,xgb_point,difficulty_weighted,0.7914857864379883,0.13190939234452206,0.09671980887651443,0.933273219116321,0.5508261322975159,0.256335258049212,0.272590954730287,1.063415765762329,0.07661836667080812,,,0.2855626344680786
sred,0,xgb_point,binned_weighted_dis,0.7914857864379883,0.13190939234452206,0.09671980887651443,0.9377817853922452,0.5160265564918518,0.24014074998013965,0.26103382838885836,1.087003469467163,0.07449910808805504,,,0.2090606689453125
sred,0,xgb_quantile,marginal,0.7357283234596252,0.14850231060805705,0.10448518395423889,0.9495040577096483,0.819585382938385,0.3814064335556953,0.3828398321868242,1.003758192062378,0.11819616164359607,,,0.08987903594970703
sred,0,xgb_quantile,mondrian_dis,0.7357283234596252,0.14850231060805705,0.10448518395423889,0.9422903516681695,0.8068875670433044,0.37549731319397506,0.40194297743835833,1.0704283714294434,0.11720332671408078,,,
sred,0,xgb_quantile,weighted_dis,0.7357283234596252,0.14850231060805705,0.10448518395423889,0.9486023444544635,0.8016697764396667,0.373069135548787,0.37850034917095465,1.01455819606781,0.11633442648098376,1.0,2.5,0.03576865419745445
sred,0,xgb_quantile,difficulty_weighted,0.7357283234596252,0.14850231060805705,0.10448518395423889,0.9368800721370604,1.1710056066513062,0.5449451410484402,0.5994950162154773,1.1001015901565552,0.14688011077197768,,,0.02565612830221653
sred,0,xgb_quantile,binned_weighted_dis,0.7357283234596252,0.14850231060805705,0.10448518395423889,0.9495040577096483,0.819585382938385,0.3814064335556953,0.3828398321868242,1.003758192062378,0.11819616164359607,,,0.08987903594970703
sred,0,sourcewise_stack,marginal,0.8078197836875916,0.12663746985776927,0.09438357502222061,0.9413886384129847,0.5025663375854492,0.23387683386493985,0.24377595430046595,1.0423262119293213,0.07244657613274223,,,0.2512831687927246
sred,0,sourcewise_stack,mondrian_dis,0.8078197836875916,0.12663746985776927,0.09438357502222061,0.9404869251577999,0.48877161741256714,0.22745725253446936,0.241049848105989,1.0597589015960693,0.07156074570217222,,,
sred,0,sourcewise_stack,weighted_dis,0.8078197836875916,0.12663746985776927,0.09438357502222061,0.9287646528403968,0.4638667404651642,0.2158673919874243,0.24173550476423764,1.1198333501815796,0.07089670898396591,1.0,0.08333333333333333,0.21448318660259247
sred,0,sourcewise_stack,difficulty_weighted,0.8078197836875916,0.12663746985776927,0.09438357502222061,0.9440937781785392,0.5323069095611572,0.24771705811161118,0.2505419146049599,1.0114035606384277,0.07374398472810056,,,0.2796972095966339
sred,0,sourcewise_stack,binned_weighted_dis,0.8078197836875916,0.12663746985776927,0.09438357502222061,0.9386834986474302,0.48942920565605164,0.22776327115304987,0.24648707975198536,1.0822073221206665,0.07185454063901045,,,0.23347289860248566
sred,0,sourcewise_quantile,marginal,0.6473612189292908,0.17154297946051253,0.1221061423420906,0.939585211902615,0.7915019392967224,0.368337379001639,0.3947115501838056,1.0716032981872559,0.11418530134640995,,,0.04213428497314453
sred,0,sourcewise_quantile,mondrian_dis,0.6473612189292908,0.17154297946051253,0.1221061423420906,0.939585211902615,0.766878068447113,0.3568782888853483,0.37006421563430386,1.0369479656219482,0.11236500962041099,,,
sred,0,sourcewise_quantile,weighted_dis,0.6473612189292908,0.17154297946051253,0.1221061423420906,0.9341749323715058,0.7598820924758911,0.35362260582904653,0.3894581501462923,1.1013383865356445,0.11253666960249023,1.0,16000.0,0.00016896908346097916
sred,0,sourcewise_quantile,difficulty_weighted,0.6473612189292908,0.17154297946051253,0.1221061423420906,0.9404869251577999,0.8020761609077454,0.3732582526973464,0.4013338888721385,1.0752177238464355,0.11450701356162471,,,0.010443887673318386
sred,0,sourcewise_quantile,binned_weighted_dis,0.6473612189292908,0.17154297946051253,0.1221061423420906,0.9368800721370604,0.7776882648468018,0.3619089770121421,0.38034920675854145,1.050952672958374,0.11323008502419901,,,0.015411138534545898
sred,1,xgb_point,marginal,0.7947887182235718,0.1308604923599138,0.09530337154865265,0.9495040577096483,0.5274897217750549,0.2454753070366003,0.24551346590638845,1.0001554489135742,0.07448082618482069,,,0.2637448310852051
sred,1,xgb_point,mondrian_dis,0.7947887182235718,0.1308604923599138,0.09530337154865265,0.957619477006312,0.5494796633720398,0.255708658403281,0.24534884930039244,0.9594858884811401,0.07493461118969688,,,
sred,1,xgb_point,weighted_dis,0.7947887182235718,0.1308604923599138,0.09530337154865265,0.9504057709648331,0.5242722034454346,0.2439779862979106,0.24013977060160405,0.9842681884765625,0.07380689422079878,1.0,0.16666666666666666,0.2244967818260193
sred,1,xgb_point,difficulty_weighted,0.7947887182235718,0.1308604923599138,0.09530337154865265,0.9386834986474302,0.5688396692276001,0.2647181294610899,0.2806592667041279,1.0602192878723145,0.07706783713593286,,,0.3073619306087494
sred,1,xgb_point,binned_weighted_dis,0.7947887182235718,0.1308604923599138,0.09530337154865265,0.9531109107303878,0.5278159379959106,0.24562711668078713,0.24217365296004045,0.9859402179718018,0.07415839964177445,,,0.23585844039916992
sred,1,xgb_quantile,marginal,0.737712562084198,0.14794376098839374,0.10352431237697601,0.9431920649233544,0.8071182370185852,0.3756046589500509,0.39800439629848405,1.0596364736557007,0.11838148778409122,,,0.08100509643554688
sred,1,xgb_quantile,mondrian_dis,0.737712562084198,0.14794376098839374,0.10352431237697601,0.9359783588818755,0.7565516233444214,0.3520727217291776,0.3950914798256308,1.1221871376037598,0.11584982491153226,,,
sred,1,xgb_quantile,weighted_dis,0.737712562084198,0.14794376098839374,0.10352431237697601,0.9341749323715058,0.7572596073150635,0.3524021927603581,0.4001176377287552,1.1354005336761475,0.11573478993425254,1.0,16000.0,0.00034084042999893427
sred,1,xgb_quantile,difficulty_weighted,0.737712562084198,0.14794376098839374,0.10352431237697601,0.9386834986474302,1.0746365785598755,0.5000983586695207,0.5471565403625723,1.0940978527069092,0.1394352578374513,,,0.021593842655420303
sred,1,xgb_quantile,binned_weighted_dis,0.737712562084198,0.14794376098839374,0.10352431237697601,0.9350766456266907,0.7702662944793701,0.3584550510311184,0.41091222232118946,1.146342396736145,0.11638447458116158,,,0.020283779129385948
sred,1,sourcewise_stack,marginal,0.8052031397819519,0.12749668544780535,0.09537581354379654,0.939585211902615,0.4884452521800995,0.22730537354547886,0.23901343441885667,1.0515080690383911,0.0725943391033361,,,0.24422264099121094
sred,1,sourcewise_stack,mondrian_dis,0.8052031397819519,0.12749668544780535,0.09537581354379654,0.9296663660955816,0.4783078134059906,0.22258776333827882,0.23569409598423066,1.0588816404342651,0.07186524841008797,,,
sred,1,sourcewise_stack,weighted_dis,0.8052031397819519,0.12749668544780535,0.09537581354379654,0.9377817853922452,0.4778940975666046,0.222395234425379,0.23821474597867753,1.0711324214935303,0.07174836549273009,1.0,0.08333333333333333,0.2191612422466278
sred,1,sourcewise_stack,difficulty_weighted,0.8052031397819519,0.12749668544780535,0.09537581354379654,0.9251577998196574,0.5062495470046997,0.23559087098404827,0.2762298502450254,1.172498106956482,0.0737697582989645,,,0.27500641345977783
sred,1,sourcewise_stack,binned_weighted_dis,0.8052031397819519,0.12749668544780535,0.09537581354379654,0.9359783588818755,0.48374906182289124,0.22511993045104522,0.2406944544670911,1.0691832304000854,0.072261158624876,,,0.23077790439128876
sred,1,sourcewise_quantile,marginal,0.6482341289520264,0.17133053241713472,0.12268388271331787,0.9422903516681695,0.8093121647834778,0.3766256363633943,0.391461087686092,1.0393904447555542,0.1153320974411363,,,0.04908466339111328
sred,1,sourcewise_quantile,mondrian_dis,0.6482341289520264,0.17133053241713472,0.12268388271331787,0.9404869251577999,0.7535797953605652,0.3506897367027733,0.3749741187067094,1.0692474842071533,0.11247741806439238,,,
sred,1,sourcewise_quantile,weighted_dis,0.6482341289520264,0.17133053241713472,0.12268388271331787,0.9413886384129847,0.7711349129676819,0.35885927576065146,0.38402170989381557,1.0701178312301636,0.11336627901028477,1.0,16000.0,0.00018232202273793519
sred,1,sourcewise_quantile,difficulty_weighted,0.6482341289520264,0.17133053241713472,0.12268388271331787,0.9386834986474302,0.838319718837738,0.3901247396518691,0.42776663006167565,1.0964868068695068,0.11859167271895521,,,0.003547638189047575
sred,1,sourcewise_quantile,binned_weighted_dis,0.6482341289520264,0.17133053241713472,0.12268388271331787,0.9404869251577999,0.779574453830719,0.36278674353695334,0.38968066495226916,1.0741314888000488,0.11376688667443505,,,0.011090357787907124
sred,2,xgb_point,marginal,0.7867035865783691,0.1334134628189494,0.09793830662965775,0.9486023444544635,0.530735969543457,0.2469859974534369,0.2490461553756827,1.0083411931991577,0.07590588725997137,,,0.2653679847717285
sred,2,xgb_point,mondrian_dis,0.7867035865783691,0.1334134628189494,0.09793830662965775,0.9377817853922452,0.5159422755241394,0.24010152855918585,0.2566711114135792,1.0690107345581055,0.07493542604670325,,,
sred,2,xgb_point,weighted_dis,0.7867035865783691,0.1334134628189494,0.09793830662965775,0.939585211902615,0.49988916516304016,0.2326309712533058,0.2436159424401825,1.0472205877304077,0.0741410764439456,1.0,0.16666666666666666,0.21352919936180115
sred,2,xgb_point,difficulty_weighted,0.7867035865783691,0.1334134628189494,0.09793830662965775,0.9287646528403968,0.5229781866073608,0.24337579602287024,0.2772456345336023,1.1391668319702148,0.07595842675064526,,,0.27472037076950073
sred,2,xgb_point,binned_weighted_dis,0.7867035865783691,0.1334134628189494,0.09793830662965775,0.9422903516681695,0.5084489583969116,0.2366144002861666,0.24682435579625644,1.0431501865386963,0.07474915237626306,,,0.22756576538085938
sred,2,xgb_quantile,marginal,0.7291878461837769,0.15032872870783667,0.10551667958498001,0.9413886384129847,0.8301448225975037,0.38632042824687907,0.3988182869878809,1.032351016998291,0.12122323930296218,,,0.09008646011352539
sred,2,xgb_quantile,mondrian_dis,0.7291878461837769,0.15032872870783667,0.10551667958498001,0.9314697926059513,0.7758429050445557,0.3610502109635355,0.4168266608392122,1.1544839143753052,0.11807964113707088,,,
sred,2,xgb_quantile,weighted_dis,0.7291878461837769,0.15032872870783667,0.10551667958498001,0.9350766456266907,0.7669470310211182,0.35691038166048517,0.40038506765270565,1.121808409690857,0.11784289241411686,1.0,500.0,0.0019945879466831684
sred,2,xgb_quantile,difficulty_weighted,0.7291878461837769,0.15032872870783667,0.10551667958498001,0.9386834986474302,1.0410900115966797,0.48448695718551965,0.5343794903488625,1.102980136871338,0.135911179197014,,,0.018015049397945404
sred,2,xgb_quantile,binned_weighted_dis,0.7291878461837769,0.15032872870783667,0.10551667958498001,0.9377817853922452,0.7861277461051941,0.3658364170505225,0.4044598894285526,1.1055757999420166,0.11869144762508074,,,0.02229940891265869
sred,2,sourcewise_stack,marginal,0.8144457340240479,0.12443524798597617,0.0937807559967041,0.9404869251577999,0.48525238037109375,0.22581952243731562,0.2425377317725743,1.074033498764038,0.07117354476747759,,,0.24262619018554688
sred,2,sourcewise_stack,mondrian_dis,0.8144457340240479,0.12443524798597617,0.0937807559967041,0.9359783588818755,0.4669208824634552,0.21728868308337398,0.23134583783958027,1.0646934509277344,0.07033690632824227,,,
sred,2,sourcewise_stack,weighted_dis,0.8144457340240479,0.12443524798597617,0.0937807559967041,0.9287646528403968,0.4525972902774811,0.21062298317573017,0.23715345426911294,1.1259618997573853,0.07003056533055019,1.0,0.3333333333333333,0.17325259745121002
sred,2,sourcewise_stack,difficulty_weighted,0.8144457340240479,0.12443524798597617,0.0937807559967041,0.9242560865644724,0.5096378922462463,0.2371676886056613,0.2692375155098283,1.1352200508117676,0.07274382970901347,,,0.27232012152671814
sred,2,sourcewise_stack,binned_weighted_dis,0.8144457340240479,0.12443524798597617,0.0937807559967041,0.9314697926059513,0.4594466984272003,0.2138104586831455,0.23286527874968901,1.0891201496124268,0.07018424972560607,,,0.20563392341136932
sred,2,sourcewise_quantile,marginal,0.645633339881897,0.1719627373178182,0.12281740456819534,0.9350766456266907,0.7875169515609741,0.36648290478614504,0.41130185231721633,1.1222947835922241,0.11594775785454936,,,0.0374298095703125
sred,2,sourcewise_quantile,mondrian_dis,0.645633339881897,0.1719627373178182,0.12281740456819534,0.9422903516681695,0.7715620994567871,0.35905807344380275,0.37400635654644304,1.0416319370269775,0.11373179773601771,,,
sred,2,sourcewise_quantile,weighted_dis,0.645633339881897,0.1719627373178182,0.12281740456819534,0.9359783588818755,0.770396888256073,0.35851582481705174,0.3998843043750864,1.1153881549835205,0.11457702666374474,1.0,16000.0,0.00017420986841898412
sred,2,sourcewise_quantile,difficulty_weighted,0.645633339881897,0.1719627373178182,0.12281740456819534,0.9404869251577999,0.8047773241996765,0.37451527982237076,0.4065946442462809,1.085655689239502,0.1158979099680249,,,0.002465161494910717
sred,2,sourcewise_quantile,binned_weighted_dis,0.645633339881897,0.1719627373178182,0.12281740456819534,0.9359783588818755,0.7743315696716309,0.36034688822682787,0.3960354835368485,1.0990395545959473,0.11485307533847441,,,0.01010093092918396
sred,3,xgb_point,marginal,0.7823338508605957,0.13477314361386317,0.09803256392478943,0.9458972046889089,0.538966178894043,0.250816049649548,0.25755171263449755,1.0268549919128418,0.07671255736774935,,,0.2694830894470215
sred,3,xgb_point,mondrian_dis,0.7823338508605957,0.13477314361386317,0.09803256392478943,0.9377817853922452,0.5217127799987793,0.24278691995013388,0.2666654593336715,1.0983518362045288,0.07573807025393935,,,
sred,3,xgb_point,weighted_dis,0.7823338508605957,0.13477314361386317,0.09803256392478943,0.9440937781785392,0.5378134846687317,0.250279625986305,0.2623220428019104,1.048115849494934,0.07599399553248055,1.0,0.3333333333333333,0.20835654437541962
sred,3,xgb_point,difficulty_weighted,0.7823338508605957,0.13477314361386317,0.09803256392478943,0.9431920649233544,0.576543390750885,0.26830317259688635,0.28801339072920173,1.0734624862670898,0.07852051021338945,,,0.30781832337379456
sred,3,xgb_point,binned_weighted_dis,0.7823338508605957,0.13477314361386317,0.09803256392478943,0.9386834986474302,0.5238267183303833,0.24377067307286907,0.2588753098229881,1.0619624853134155,0.07587089943261434,,,0.2351154386997223
sred,3,xgb_quantile,marginal,0.7311015129089355,0.14979663812330718,0.10502009838819504,0.9486023444544635,0.8313403129577637,0.38687676773773505,0.4009641399321837,1.0364130735397339,0.11922783152883096,,,0.10343790054321289
sred,3,xgb_quantile,mondrian_dis,0.7311015129089355,0.14979663812330718,0.10502009838819504,0.9413886384129847,0.7908369898796082,0.36802793474975737,0.39965994198892146,1.0859500169754028,0.1168564277250087,,,
sred,3,xgb_quantile,weighted_dis,0.7311015129089355,0.14979663812330718,0.10502009838819504,0.9486023444544635,0.7965293526649475,0.3706769617256626,0.3769842880619031,1.0170156955718994,0.11631716926068399,1.0,32.0,0.011752023361623287
sred,3,xgb_quantile,difficulty_weighted,0.7311015129089355,0.14979663812330718,0.10502009838819504,0.951307484220018,1.6092618703842163,0.7488943109744975,0.745558767855331,0.9955460429191589,0.17912685677147272,,,0.03590015694499016
sred,3,xgb_quantile,binned_weighted_dis,0.7311015129089355,0.14979663812330718,0.10502009838819504,0.9431920649233544,0.7931464910507202,0.3691026959928245,0.3890253608735436,1.0539759397506714,0.11706266822737577,,,0.03797566890716553
sred,3,sourcewise_stack,marginal,0.809469997882843,0.12609260596379127,0.0932183563709259,0.9440937781785392,0.4918975830078125,0.22891196782578632,0.23695064901175375,1.0351169109344482,0.07163385175251874,,,0.24594879150390625
sred,3,sourcewise_stack,mondrian_dis,0.809469997882843,0.12609260596379127,0.0932183563709259,0.951307484220018,0.5030127763748169,0.23408459089672484,0.23143591257531088,0.9886849522590637,0.07145355882964342,,,
sred,3,sourcewise_stack,weighted_dis,0.809469997882843,0.12609260596379127,0.0932183563709259,0.9440937781785392,0.479385644197464,0.22308934817215972,0.22682077099614764,1.0167261362075806,0.0707898700098492,1.0,0.08333333333333333,0.22064168751239777
sred,3,sourcewise_stack,difficulty_weighted,0.809469997882843,0.12609260596379127,0.0932183563709259,0.939585211902615,0.5246249437332153,0.24414213931715006,0.2550631283963116,1.0447320938110352,0.07290401808760229,,,0.28639572858810425
sred,3,sourcewise_stack,binned_weighted_dis,0.809469997882843,0.12609260596379127,0.0932183563709259,0.9486023444544635,0.48765406012535095,0.22693718037593094,0.22967462136827194,1.0120625495910645,0.07111391477846787,,,0.21887969970703125
sred,3,sourcewise_quantile,marginal,0.6383675336837769,0.1737167129946149,0.1234327033162117,0.9413886384129847,0.7946378588676453,0.3697967265258409,0.3900646412944358,1.054808259010315,0.11440911996850872,,,0.046579837799072266
sred,3,sourcewise_quantile,mondrian_dis,0.6383675336837769,0.1737167129946149,0.1234327033162117,0.9467989179440938,0.7788792848587036,0.36246323615888815,0.36737739400824176,1.0135576725006104,0.11258963633013575,,,
sred,3,sourcewise_quantile,weighted_dis,0.6383675336837769,0.1737167129946149,0.1234327033162117,0.9495040577096483,0.7839849591255188,0.3648392387737975,0.3649611039923229,1.0003340244293213,0.11299626013300805,1.0,16000.0,0.00025577654014341533
sred,3,sourcewise_quantile,difficulty_weighted,0.6383675336837769,0.1737167129946149,0.1234327033162117,0.9431920649233544,1.347986102104187,0.6273056869839915,0.6597948948200312,1.0517916679382324,0.15843541879135914,,,0.007026423700153828
sred,3,sourcewise_quantile,binned_weighted_dis,0.6383675336837769,0.1737167129946149,0.1234327033162117,0.9467989179440938,0.7898892760276794,0.36758690179843806,0.3760842131595416,1.0231164693832397,0.1134553818081963,,,0.01494288444519043
sred,4,xgb_point,marginal,0.7826847434043884,0.1346644768320964,0.09786151349544525,0.9486023444544635,0.52252197265625,0.24316348997196474,0.2460557894693811,1.0118944644927979,0.0759623454860184,,,0.261260986328125
sred,4,xgb_point,mondrian_dis,0.7826847434043884,0.1346644768320964,0.09786151349544525,0.939585211902615,0.5189141035079956,0.24148451358559012,0.25705588283983616,1.0644818544387817,0.07537036473986732,,,
sred,4,xgb_point,weighted_dis,0.7826847434043884,0.1346644768320964,0.09786151349544525,0.9477006311992786,0.5070161819458008,0.23594763612995193,0.24242647200520193,1.0274587869644165,0.07464178826168887,1.0,0.25,0.2095298320055008
sred,4,xgb_point,difficulty_weighted,0.7826847434043884,0.1346644768320964,0.09786151349544525,0.9467989179440938,0.5817517638206482,0.27072696765048265,0.27686758360665287,1.0226819515228271,0.07835466288634377,,,0.30154839158058167
sred,4,xgb_point,binned_weighted_dis,0.7826847434043884,0.1346644768320964,0.09786151349544525,0.9449954914337241,0.5103464126586914,0.237497409278135,0.24150351445261053,1.016867995262146,0.07489286212933167,,,0.20817089080810547
sred,4,xgb_quantile,marginal,0.7274801731109619,0.15080194454784435,0.10627496242523193,0.9377817853922452,0.8182424902915955,0.3807814981850523,0.41388924810741656,1.0869468450546265,0.12176112504816035,,,0.08258914947509766
sred,4,xgb_quantile,mondrian_dis,0.7274801731109619,0.15080194454784435,0.10627496242523193,0.9449954914337241,0.7926377654075623,0.3688659528331069,0.3823367191452965,1.0365194082260132,0.11957923265847178,,,
sred,4,xgb_quantile,weighted_dis,0.7274801731109619,0.15080194454784435,0.10627496242523193,0.9440937781785392,0.7896187901496887,0.3674610271108225,0.3841513007825247,1.045420527458191,0.11940019183645698,1.0,16000.0,0.0004437840252649039
sred,4,xgb_quantile,difficulty_weighted,0.7274801731109619,0.15080194454784435,0.10627496242523193,0.9522091974752029,1.3132905960083008,0.6111596093257998,0.5921049129276292,0.9688220620155334,0.15693340779551204,,,0.030917786061763763
sred,4,xgb_quantile,binned_weighted_dis,0.7274801731109619,0.15080194454784435,0.10627496242523193,0.9404869251577999,0.7914888262748718,0.3683312766589163,0.39300360004659574,1.0669840574264526,0.11982800174494108,,,0.023303350433707237
sred,4,sourcewise_stack,marginal,0.8089322447776794,0.12627040983692459,0.09497988969087601,0.9368800721370604,0.4827737808227539,0.22466606871104763,0.2403506303393164,1.0698127746582031,0.07183703596484801,,,0.24138689041137695
sred,4,sourcewise_stack,mondrian_dis,0.8089322447776794,0.12627040983692459,0.09497988969087601,0.9359783588818755,0.46466681361198425,0.21623971810727075,0.22777427074150963,1.0533415079116821,0.07059217032902998,,,
sred,4,sourcewise_stack,weighted_dis,0.8089322447776794,0.12627040983692459,0.09497988969087601,0.9368800721370604,0.46227261424064636,0.2151255412777995,0.22952557264302764,1.066937804222107,0.07059796223664554,1.0,0.16666666666666666,0.20141956210136414
sred,4,sourcewise_stack,difficulty_weighted,0.8089322447776794,0.12627040983692459,0.09497988969087601,0.9260595130748422,0.49222779273986816,0.2290656359107114,0.26640748235051626,1.1630181074142456,0.07218577926267891,,,0.2612898349761963
sred,4,sourcewise_stack,binned_weighted_dis,0.8089322447776794,0.12627040983692459,0.09497988969087601,0.9341749323715058,0.46024295687675476,0.2141810095760181,0.23070062909605654,1.0771292448043823,0.07069280353280434,,,0.20639877021312714
sred,4,sourcewise_quantile,marginal,0.6408275961875916,0.17312484087058785,0.12383990734815598,0.933273219116321,0.7732369899749756,0.35983750903701484,0.3950460953772624,1.0978457927703857,0.11472720782532743,,,0.032814979553222656
sred,4,sourcewise_quantile,mondrian_dis,0.6408275961875916,0.17312484087058785,0.12383990734815598,0.9341749323715058,0.7437025904655457,0.3460932302606965,0.37857569470730656,1.0938546657562256,0.11228551997044858,,,
sred,4,sourcewise_quantile,weighted_dis,0.6408275961875916,0.17312484087058785,0.12383990734815598,0.9386834986474302,0.753558337688446,0.3506797510510453,0.3899049615376603,1.1118547916412354,0.1134944359722024,1.0,16000.0,0.0001493354793637991
sred,4,sourcewise_quantile,difficulty_weighted,0.6408275961875916,0.17312484087058785,0.12383990734815598,0.9386834986474302,0.9178138971328735,0.42711855587060904,0.4715300143975942,1.103979229927063,0.12616401316931553,,,0.0031364995520561934
sred,4,sourcewise_quantile,binned_weighted_dis,0.6408275961875916,0.17312484087058785,0.12383990734815598,0.9368800721370604,0.7516266107559204,0.34978079275423357,0.3963403804856517,1.133110761642456,0.11359006725078812,,,0.007410526275634766
